batch,config,grip_AbsRel,grip_LPIPS,grip_PSNR,grip_px,grip_sharp,grip_sharp_gt,moving_AbsRel,moving_LPIPS,moving_PSNR,moving_px,moving_sharp,moving_sharp_gt,obj_AbsRel,obj_LPIPS,obj_PSNR,obj_px,obj_sharp,obj_sharp_gt,run,s_per_gen,static_AbsRel,static_LPIPS,static_PSNR,static_px,static_sharp,static_sharp_gt,task,view,whole_AbsRel,whole_LPIPS,whole_PSNR,whole_px,whole_sharp,whole_sharp_gt
0,T25,0.3348853886127472,0.36261215806007385,12.123729705810547,0.013856200501322746,0.014536535367369652,0.03736517205834389,0.2570250332355499,0.3310312032699585,13.725458145141602,0.04449829086661339,0.017819242551922798,0.03840305656194687,0.20240198075771332,0.19680866599082947,18.46778678894043,0.0034667968284338713,0.021030601114034653,0.02467477321624756,region_perceptual_apple,24.606905233860015,0.06443437933921814,0.1203715056180954,20.954986572265625,0.9555016756057739,0.013661142438650131,0.018902059644460678,apple,left,0.06829556077718735,0.12427892535924911,20.574342727661133,1.0,0.013494557701051235,0.018931802362203598
0,T25,0.3327692151069641,0.43302157521247864,7.900162696838379,0.015867918729782104,0.023435037583112717,0.07790507376194,0.07145044207572937,0.13788087666034698,19.820981979370117,0.45782470703125,0.013286182656884193,0.01811322197318077,0.07483029365539551,0.3034117817878723,17.543060302734375,0.0015832518693059683,0.005079674068838358,0.01644650101661682,region_perceptual_apple,24.606905233860015,0.22123129665851593,0.15906348824501038,12.015544891357422,0.54217529296875,0.028793763369321823,0.03729696571826935,apple,right,0.09365631639957428,0.14327852427959442,16.871196746826172,1.0,0.02151353657245636,0.028419073671102524
1,T25,0.2512427270412445,0.35362905263900757,14.070074081420898,0.02612914890050888,0.017221039161086082,0.032718054950237274,0.2887057065963745,0.44468045234680176,13.591056823730469,0.06748046725988388,0.01201682910323143,0.02775750868022442,0.3172560930252075,0.3588722050189972,14.144206047058105,0.0030651853885501623,0.014757267199456692,0.023345449939370155,region_perceptual_apple,24.606905233860015,0.11980311572551727,0.15685664117336273,18.354520797729492,0.9325194954872131,0.013346993364393711,0.018996315076947212,apple,left,0.13254167139530182,0.1666889190673828,17.91769790649414,1.0,0.013114714995026588,0.01885538548231125
1,T25,0.06022638827562332,0.23113152384757996,16.78253936767578,0.03564453125,0.01500712614506483,0.028921352699398994,0.034377321600914,0.11551631987094879,23.31821632385254,0.598925769329071,0.013058644719421864,0.017646122723817825,0.2072906345129013,0.5234954953193665,13.417299270629883,0.0028747557662427425,0.023381052538752556,0.025673262774944305,region_perceptual_apple,24.606905233860015,0.08324850350618362,0.16064570844173431,16.977628707885742,0.40107420086860657,0.013250329531729221,0.01901077851653099,apple,right,0.035332728177309036,0.12805213034152985,22.60910415649414,1.0,0.012005842290818691,0.016742147505283356
2,T25,0.4862338900566101,0.354251503944397,13.956026077270508,0.023536376655101776,0.01850983500480652,0.02677045203745365,0.3426341116428375,0.39878547191619873,13.950132369995117,0.09731078892946243,0.00895805936306715,0.023742401972413063,0.35729923844337463,0.36578699946403503,13.141473770141602,0.0029565428849309683,0.018078189343214035,0.023852422833442688,region_perceptual_apple,24.606905233860015,0.15546029806137085,0.15413598716259003,18.821388244628906,0.9026892185211182,0.013626469299197197,0.019629433751106262,apple,left,0.17294447124004364,0.17097207903862,18.085121154785156,1.0,0.01302957721054554,0.01896505057811737
2,T25,0.10920999199151993,0.2515631914138794,12.122554779052734,0.031523436307907104,0.024947920814156532,0.0349750779569149,0.06356462836265564,0.12346051633358002,22.225772857666016,0.6612280011177063,0.014155080541968346,0.01965230703353882,0.21323859691619873,0.4017948806285858,10.712230682373047,0.0036853025667369366,0.02711571753025055,0.03199757635593414,region_perceptual_apple,24.606905233860015,0.11610320210456848,0.13705278933048248,13.055209159851074,0.3387719690799713,0.029022302478551865,0.03654851019382477,apple,right,0.06661871820688248,0.12464898079633713,20.005229949951172,1.0,0.017734616994857788,0.023627813905477524
3,T25,0.1350575089454651,0.22837236523628235,15.821134567260742,0.035358887165784836,0.010891423560678959,0.02565137669444084,0.15419085323810577,0.321074515581131,13.809491157531738,0.05078491196036339,0.01478780247271061,0.030638130381703377,0.0377466194331646,0.12900139391422272,17.74750518798828,0.003055419772863388,0.01581612415611744,0.02371116727590561,region_perceptual_apple,24.606905233860015,0.045850787311792374,0.1280456930398941,20.393444061279297,0.9492150545120239,0.018088094890117645,0.0246079433709383,apple,left,0.04891962930560112,0.1318110227584839,19.84585189819336,1.0,0.018028369173407555,0.024403976276516914
3,T25,0.10261907428503036,0.08357355743646622,18.046443939208984,0.009061278775334358,0.03212045505642891,0.037329476326704025,0.07643858343362808,0.17211408913135529,19.39377212524414,0.4594689905643463,0.014260539785027504,0.019062602892518044,0.09674665331840515,0.1872638463973999,13.204354286193848,0.0006860351422801614,0.019801471382379532,0.04010139778256416,region_perceptual_apple,24.606905233860015,0.13262461125850677,0.10968451201915741,16.846189498901367,0.5405309796333313,0.008397298865020275,0.010038714855909348,apple,right,0.07890679687261581,0.1372314840555191,18.915969848632812,1.0,0.009877573698759079,0.012647535651922226
4,T25,0.4073481261730194,0.26157811284065247,11.088308334350586,0.03449340909719467,0.024090822786092758,0.03871990367770195,0.4011383652687073,0.3891775608062744,12.052892684936523,0.0278173815459013,0.022536585107445717,0.03910014405846596,0.5160077214241028,0.46032822132110596,10.871038436889648,0.004721679724752903,0.020168665796518326,0.027704522013664246,region_perceptual_apple,24.606905233860015,0.05563310906291008,0.1089610606431961,20.717470169067383,0.97218257188797,0.017437800765037537,0.02329595945775509,apple,left,0.0635330006480217,0.11302090436220169,20.219423294067383,1.0,0.017519712448120117,0.023288914933800697
4,T25,0.27042677998542786,0.3657483160495758,13.744521141052246,0.021715087816119194,0.017963429912924767,0.028404416516423225,0.05483463406562805,0.11839468777179718,22.398950576782227,0.584484875202179,0.013251950964331627,0.017328504472970963,0.27479615807533264,0.3817158341407776,12.66431999206543,0.0026513671036809683,0.014335728250443935,0.024438656866550446,region_perceptual_apple,24.606905233860015,0.20824997127056122,0.151631698012352,15.420650482177734,0.41551512479782104,0.016197916120290756,0.022740649059414864,apple,right,0.07568608969449997,0.13068042695522308,20.395355224609375,1.0,0.013275276869535446,0.018362971022725105
5,T25,0.15952156484127045,0.17546023428440094,17.174144744873047,0.012252196669578552,0.012578131631016731,0.03705127537250519,0.22899694740772247,0.3261201083660126,13.105894088745117,0.021693114191293716,0.016463298350572586,0.043209437280893326,0.049464158713817596,0.08465950936079025,17.9141788482666,0.0009252929594367743,0.03970234468579292,0.05604705587029457,region_perceptual_apple,24.606905233860015,0.047244712710380554,0.10562197118997574,21.984783172607422,0.9783068895339966,0.011333512142300606,0.015893589705228806,apple,left,0.04920467361807823,0.10669782757759094,21.5964412689209,1.0,0.011352427303791046,0.01603570580482483
5,T25,0.1320137232542038,0.2400294989347458,14.9107027053833,0.015931395813822746,0.012571328319609165,0.02949182689189911,0.07213437557220459,0.0927179604768753,21.72767448425293,0.4923339784145355,0.014801119454205036,0.01954583078622818,0.03625627979636192,0.05815023556351662,18.778335571289062,0.0020019530784338713,0.05024663731455803,0.05976790189743042,region_perceptual_apple,24.606905233860015,0.10312824696302414,0.08268376439809799,18.13970947265625,0.5076659917831421,0.016784939914941788,0.019815664738416672,apple,right,0.07312428206205368,0.08474399149417877,21.447317123413086,1.0,0.01402997225522995,0.01735658198595047
6,T25,0.49685871601104736,0.33747896552085876,12.069197654724121,0.036457519978284836,0.016240961849689484,0.04080412536859512,0.43896540999412537,0.41567885875701904,12.693765640258789,0.03197875991463661,0.014104082249104977,0.03428272157907486,0.26000526547431946,0.34020158648490906,17.233139038085938,0.0054125976748764515,0.004021119326353073,0.022093193605542183,region_perceptual_apple,24.606905233860015,0.0889967828989029,0.12843987345695496,20.662553787231445,0.9680212140083313,0.01077265851199627,0.01655276119709015,apple,left,0.10148517042398453,0.1339922994375229,19.972578048706055,1.0,0.010777320712804794,0.016601454466581345
6,T25,0.14632047712802887,0.33840879797935486,12.41839599609375,0.017165526747703552,0.017748655751347542,0.06439767777919769,0.05215776339173317,0.08943185210227966,23.829586029052734,0.4816626012325287,0.009501870721578598,0.0156102878972888,0.1129646748304367,0.20163394510746002,19.971477508544922,0.0022644042037427425,0.014441235922276974,0.029743460938334465,region_perceptual_apple,24.606905233860015,0.0951739177107811,0.13104574382305145,16.537513732910156,0.5183373689651489,0.02659360133111477,0.03624718636274338,apple,right,0.05456388369202614,0.1077180728316307,22.248004913330078,1.0,0.018263380974531174,0.02522691898047924
7,T25,0.2135591059923172,0.24623988568782806,12.521989822387695,0.03060302697122097,0.024249184876680374,0.03529619053006172,0.1753426343202591,0.2321917712688446,13.34759521484375,0.031788330525159836,0.026406479999423027,0.03974537178874016,0.0964837372303009,0.20627650618553162,16.49208641052246,0.0021813963539898396,0.02178047224879265,0.021434346213936806,region_perceptual_apple,24.606905233860015,0.047002553939819336,0.12195160239934921,19.415802001953125,0.9682116508483887,0.010331405326724052,0.01269784476608038,apple,left,0.0495433434844017,0.12299035489559174,19.189790725708008,1.0,0.010429088957607746,0.012846057303249836
7,T25,0.18589390814304352,0.2629331946372986,13.622170448303223,0.03444213792681694,0.0265966784209013,0.0510791540145874,0.05393592640757561,0.09553176164627075,24.43955421447754,0.6329589486122131,0.013526909053325653,0.018475983291864395,0.14513371884822845,0.2979174256324768,16.289813995361328,0.004774169996380806,0.00954778678715229,0.01914849877357483,region_perceptual_apple,24.606905233860015,0.15525077283382416,0.15630027651786804,15.071609497070312,0.3670410215854645,0.033993758261203766,0.04121078550815582,apple,right,0.0655728206038475,0.11643224209547043,21.796178817749023,1.0,0.019618099555373192,0.024843763560056686
8,T25,0.22784225642681122,0.2668285071849823,14.127388954162598,0.03602050617337227,0.015199667774140835,0.04380139708518982,0.30106183886528015,0.29698505997657776,13.201828002929688,0.0246130358427763,0.013942411169409752,0.04574495553970337,0.09395918250083923,0.2303474396467209,16.81424903869629,0.0028308103792369366,0.006880691275000572,0.020271005108952522,region_perceptual_apple,24.606905233860015,0.0647338330745697,0.12953245639801025,19.76976776123047,0.975386917591095,0.011624913662672043,0.018205249682068825,apple,left,0.06959819793701172,0.13147836923599243,19.472183227539062,1.0,0.011624099686741829,0.018374474719166756
8,T25,0.133645698428154,0.21953508257865906,13.152692794799805,0.02534179575741291,0.014848845079541206,0.036831606179475784,0.04515350982546806,0.09211801737546921,20.989444732666016,0.512951672077179,0.015499783679842949,0.02056543342769146,0.06809736043214798,0.23390717804431915,17.835643768310547,0.0023315430153161287,0.007227722089737654,0.016061406582593918,region_perceptual_apple,24.606905233860015,0.08141525834798813,0.10483736544847488,15.667468070983887,0.48704832792282104,0.015448501333594322,0.019417041912674904,apple,right,0.047319911420345306,0.09495482593774796,20.19200325012207,1.0,0.013544827699661255,0.017230724915862083
9,T25,0.19503438472747803,0.253181129693985,13.221466064453125,0.029216308146715164,0.026438286527991295,0.05034611001610756,0.2324884533882141,0.3978831171989441,12.686320304870605,0.03616088628768921,0.014807559549808502,0.0333942286670208,0.17969730496406555,0.33372899889945984,15.201859474182129,0.0036071776412427425,0.009189793840050697,0.02391469106078148,region_perceptual_apple,24.606905233860015,0.04161117598414421,0.12567292153835297,21.901721954345703,0.9638391137123108,0.018438076600432396,0.024160509929060936,apple,left,0.04730585590004921,0.13058826327323914,21.092971801757812,1.0,0.018344053998589516,0.02403249777853489
9,T25,0.13010507822036743,0.18003997206687927,15.027776718139648,0.029327392578125,0.02543657459318638,0.03543893247842789,0.05137161538004875,0.11877145618200302,20.67460060119629,0.500561535358429,0.015864776447415352,0.018834374845027924,0.15429937839508057,0.23432156443595886,16.348909378051758,0.0019738769624382257,0.021883364766836166,0.02254140004515648,region_perceptual_apple,24.606905233860015,0.1289430409669876,0.10456127673387527,16.27859115600586,0.49943846464157104,0.009703333489596844,0.010660987347364426,apple,right,0.053459685295820236,0.10749181360006332,20.45001792907715,1.0,0.011150307022035122,0.012843655422329903
10,T25,0.21939943730831146,0.23465152084827423,14.729833602905273,0.015347899869084358,0.010505757294595242,0.025068387389183044,0.20237398147583008,0.30830278992652893,13.337111473083496,0.022609863430261612,0.012251177802681923,0.037616580724716187,0.052034858614206314,0.14731262624263763,18.535531997680664,0.0013964843237772584,0.013772400096058846,0.033886462450027466,region_perceptual_apple,24.606905233860015,0.044494446367025375,0.0844189003109932,22.809656143188477,0.9773901104927063,0.01816447451710701,0.024471411481499672,apple,left,0.04630456119775772,0.08569766581058502,22.268470764160156,1.0,0.01809152029454708,0.024388428777456284
10,T25,0.18946829438209534,0.2112419605255127,16.00633430480957,0.012789306230843067,0.008607221767306328,0.02792268432676792,0.034745097160339355,0.08224378526210785,23.96023178100586,0.44438230991363525,0.013535906560719013,0.018963566049933434,0.056553639471530914,0.1618969738483429,16.790645599365234,0.0010925292735919356,0.022839512676000595,0.03767536208033562,region_perceptual_apple,24.606905233860015,0.0908387303352356,0.08590921014547348,19.541641235351562,0.5556176900863647,0.029112420976161957,0.036756280809640884,apple,right,0.03849312290549278,0.08197906613349915,23.45840072631836,1.0,0.02172696590423584,0.02759474329650402
11,T25,0.11932122707366943,0.1326693445444107,17.743417739868164,0.012246093712747097,0.024193989112973213,0.03709208592772484,0.29744771122932434,0.43073323369026184,13.20418930053711,0.07564575225114822,0.013282552361488342,0.027664076536893845,0.09714766591787338,0.16690143942832947,17.020998001098633,0.0006396484095603228,0.017045000568032265,0.04261915385723114,region_perceptual_apple,24.606905233860015,0.06644175946712494,0.14690124988555908,20.419645309448242,0.9243542551994324,0.009776987135410309,0.012382612563669682,apple,left,0.0914301946759224,0.15906625986099243,18.826101303100586,1.0,0.009866314008831978,0.012753810733556747
11,T25,0.1844196319580078,0.3899277448654175,13.355406761169434,0.04602294787764549,0.011210247874259949,0.024944879114627838,0.09550875425338745,0.23548398911952972,17.96826934814453,0.654614269733429,0.012000502087175846,0.01867089793086052,0.0624140128493309,0.14706307649612427,22.373886108398438,0.006810302380472422,0.017277367413043976,0.02101798914372921,region_perceptual_apple,24.606905233860015,0.17460481822490692,0.17454949021339417,13.337030410766602,0.34538573026657104,0.017916066572070122,0.024086374789476395,apple,right,0.09976039081811905,0.20287013053894043,17.346670150756836,1.0,0.012569701299071312,0.019392067566514015
12,T25,0.21400046348571777,0.1874541938304901,16.427003860473633,0.012785644270479679,0.010001773945987225,0.029985714703798294,0.23778364062309265,0.2776590883731842,14.1937255859375,0.013536376878619194,0.019519304856657982,0.04102010652422905,0.03493137285113335,0.10618136078119278,18.176576614379883,0.0011279296595603228,0.01714697852730751,0.0348619669675827,region_perceptual_apple,24.606905233860015,0.03587166965007782,0.07828771322965622,23.975845336914062,0.9864636063575745,0.02217605896294117,0.027574051171541214,apple,left,0.036961693316698074,0.07881176471710205,23.74569320678711,1.0,0.02214987203478813,0.02752603031694889
12,T25,0.14302141964435577,0.1435435563325882,19.147947311401367,0.03315551578998566,0.012943954207003117,0.024998638778924942,0.06222333386540413,0.09361802786588669,24.42257308959961,0.5914672613143921,0.013655041344463825,0.01826881803572178,,,,0.0,,,region_perceptual_apple,24.606905233860015,0.15956811606884003,0.12508940696716309,17.18193817138672,0.4085327088832855,0.013124662451446056,0.019051626324653625,apple,right,0.0707547515630722,0.10355088859796524,22.84259033203125,1.0,0.012248973362147808,0.01683002896606922
13,T25,0.22514039278030396,0.2035534828901291,15.222564697265625,0.012784423306584358,0.011102759279310703,0.028936227783560753,0.24193145334720612,0.2957899570465088,13.154180526733398,0.015777587890625,0.019253352656960487,0.042111095041036606,0.03585439547896385,0.11062110215425491,17.886154174804688,0.0011120605049654841,0.020013507455587387,0.03600548952817917,region_perceptual_apple,24.606905233860015,0.037255074828863144,0.0833355188369751,22.919551849365234,0.984222412109375,0.022162573412060738,0.027611220255494118,apple,left,0.03857817500829697,0.08401302993297577,22.601688385009766,1.0,0.022141240537166595,0.027554798871278763
13,T25,0.20059174299240112,0.22910743951797485,15.96722412109375,0.015305175445973873,0.008714407682418823,0.025419829413294792,0.043025147169828415,0.08224285393953323,23.789894104003906,0.49840086698532104,0.010562175884842873,0.01617143675684929,0.03964732587337494,0.1377009004354477,18.45027732849121,0.0014086914015933871,0.007909351028501987,0.032180920243263245,region_perceptual_apple,24.606905233860015,0.10927556455135345,0.088105708360672,19.704744338989258,0.501599133014679,0.026608599349856377,0.03458845242857933,apple,right,0.04687141254544258,0.08182264119386673,23.348445892333984,1.0,0.01812436804175377,0.024332057684659958
14,T25,0.1717534065246582,0.16656658053398132,17.609724044799805,0.03038330003619194,0.012334637343883514,0.025089703500270844,0.37260061502456665,0.37713900208473206,12.801610946655273,0.015169677324593067,0.02257087454199791,0.04412658140063286,,,,0.0,,,region_perceptual_apple,24.606905233860015,0.06494401395320892,0.12102042138576508,22.090965270996094,0.9848303198814392,0.011236447840929031,0.0170097928494215,apple,left,0.067071832716465,0.12212569266557693,21.808626174926758,1.0,0.011327174492180347,0.01711241714656353
14,T25,0.1986408531665802,0.2112419605255127,16.46567153930664,0.012789306230843067,0.008607221767306328,0.02792268432676792,0.08606193959712982,0.08224378526210785,24.452009201049805,0.44438230991363525,0.013535906560719013,0.018963566049933434,0.08541316539049149,0.1618969738483429,16.790645599365234,0.0010925292735919356,0.022839512676000595,0.03767536208033562,region_perceptual_apple,24.606905233860015,0.11355505883693695,0.08590921014547348,20.463655471801758,0.5556176900863647,0.029112420976161957,0.036756280809640884,apple,right,0.08647220581769943,0.08197906613349915,24.014244079589844,1.0,0.02172696590423584,0.02759474329650402
15,T25,0.2677363157272339,0.22871720790863037,14.688277244567871,0.012763671576976776,0.010699422098696232,0.027157125994563103,0.241769939661026,0.30569252371788025,13.301767349243164,0.02033081091940403,0.019742008298635483,0.04330337792634964,0.03670831397175789,0.14278654754161835,17.009784698486328,0.0010607909644022584,0.02351018786430359,0.03820938989520073,region_perceptual_apple,24.606905233860015,0.04268418997526169,0.09123118966817856,22.21210289001465,0.9796691536903381,0.02218490280210972,0.027726072818040848,apple,left,0.044446852058172226,0.09213829040527344,21.90098762512207,1.0,0.022150086238980293,0.02764386683702469
15,T25,0.15628965198993683,0.15554432570934296,17.155685424804688,0.028933104127645493,0.013095702975988388,0.025068974122405052,0.06322077661752701,0.10736022889614105,23.482452392578125,0.5914672613143921,0.0136554641649127,0.018699122592806816,,,,0.0,,,region_perceptual_apple,24.606905233860015,0.20805063843727112,0.15830278396606445,14.439706802368164,0.4085327088832855,0.013125833123922348,0.019209975376725197,apple,right,0.07925233244895935,0.12445375323295593,20.790006637573242,1.0,0.012249859049916267,0.017223184928297997
16,T25,0.24360990524291992,0.2067786157131195,15.274548530578613,0.012642822228372097,0.010065430775284767,0.026962505653500557,0.2736767530441284,0.2694292664527893,12.853937149047852,0.021599121391773224,0.019996877759695053,0.04245758429169655,0.03978966176509857,0.13984841108322144,16.63140869140625,0.0010314941173419356,0.02128654532134533,0.037916816771030426,region_perceptual_apple,24.606905233860015,0.044283922761678696,0.08740241080522537,22.163427352905273,0.9784008860588074,0.022468434646725655,0.027798503637313843,apple,left,0.04613662511110306,0.08816655725240707,21.797025680541992,1.0,0.022442277520895004,0.027716396376490593
16,T25,0.17253465950489044,0.39073848724365234,13.57623291015625,0.03907470777630806,0.009666291065514088,0.026178602129220963,0.06830694526433945,0.19027046859264374,18.91448974609375,0.5430908203125,0.013663096353411674,0.020796125754714012,0.03506208956241608,0.28267034888267517,16.928985595703125,0.003988036885857582,0.006875161547213793,0.013759917579591274,region_perceptual_apple,24.606905233860015,0.1357542872428894,0.1279115378856659,15.119847297668457,0.4569091796875,0.015846537426114082,0.02199443429708481,apple,right,0.07168499380350113,0.15300631523132324,18.54010772705078,1.0,0.01313378382474184,0.019515996798872948
17,T25,0.20560520887374878,0.2010449320077896,15.255552291870117,0.012508545070886612,0.010245835408568382,0.027111122384667397,0.2997441291809082,0.2817768156528473,12.117758750915527,0.024644775316119194,0.020433705300092697,0.045598965138196945,0.05658332258462906,0.15519344806671143,15.942684173583984,0.0010510253487154841,0.018573535606265068,0.035187724977731705,region_perceptual_apple,24.606905233860015,0.04224441573023796,0.08665481209754944,22.135589599609375,0.9753552079200745,0.022243734449148178,0.02786913514137268,apple,left,0.04623189941048622,0.08796245604753494,21.509174346923828,1.0,0.022222237661480904,0.027770882472395897
17,T25,0.15740150213241577,0.39162206649780273,13.686677932739258,0.03888794034719467,0.010481128469109535,0.026402601972222328,0.07016096264123917,0.21274372935295105,18.379093170166016,0.556835949420929,0.013606803491711617,0.02090279757976532,0.047242749482393265,0.331511527299881,16.618059158325195,0.004071044735610485,0.009096282534301281,0.013267106376588345,region_perceptual_apple,24.606905233860015,0.13160137832164764,0.13777290284633636,15.030440330505371,0.44316405057907104,0.016391141340136528,0.022437678650021553,apple,right,0.07217039912939072,0.16958606243133545,18.180418014526367,1.0,0.01316447090357542,0.019619017839431763
18,T25,0.19128848612308502,0.22166115045547485,15.54305648803711,0.014627684839069843,0.010349433869123459,0.02677694708108902,0.26832765340805054,0.2856602370738983,13.061369895935059,0.03294067457318306,0.015817543491721153,0.03472750633955002,0.13261617720127106,0.16313311457633972,15.813453674316406,0.0014672850957140326,0.00821806862950325,0.03150089830160141,region_perceptual_apple,24.606905233860015,0.055076714605093,0.08538263291120529,21.993284225463867,0.967059314250946,0.0184355266392231,0.02471582032740116,apple,left,0.060302734375,0.0879153236746788,21.443378448486328,1.0,0.018376585096120834,0.024614712223410606
18,T25,0.125882089138031,0.19227293133735657,16.661855697631836,0.012326659634709358,0.010543235577642918,0.028228847309947014,0.03202525153756142,0.08484596014022827,24.249143600463867,0.44953978061676025,0.013380256481468678,0.019167697057127953,0.07011067122220993,0.16951912641525269,16.03588104248047,0.0011486816219985485,0.01824977621436119,0.03431783244013786,region_perceptual_apple,24.606905233860015,0.0542285293340683,0.07835307717323303,20.590269088745117,0.5504602193832397,0.029818225651979446,0.037252504378557205,apple,right,0.03218640387058258,0.07800140976905823,23.98809814453125,1.0,0.02192557603120804,0.02781723625957966
19,T25,0.20384515821933746,0.24440060555934906,13.95824909210205,0.014307861216366291,0.013689529150724411,0.03349577262997627,0.2801136076450348,0.2855130136013031,13.31776237487793,0.03423827886581421,0.016222219914197922,0.037130098789930344,0.1922743022441864,0.21210968494415283,13.858724594116211,0.0015148925594985485,0.014799432829022408,0.038132213056087494,region_perceptual_apple,24.606905233860015,0.0603577084839344,0.08601351827383041,21.380023956298828,0.9657617211341858,0.01834729313850403,0.024908922612667084,apple,left,0.06554318964481354,0.08872424811124802,20.98446273803711,1.0,0.018284276127815247,0.024806920439004898
19,T25,0.1462431401014328,0.3728403151035309,14.978761672973633,0.03692626953125,0.0098330182954669,0.027286570519208908,0.06376340985298157,0.1953609734773636,18.59827995300293,0.5424560308456421,0.012366230599582195,0.01901071146130562,0.1334449052810669,0.38112500309944153,14.943502426147461,0.003879394382238388,0.0042535471729934216,0.015157368965446949,region_perceptual_apple,24.606905233860015,0.14742188155651093,0.126286119222641,15.26279354095459,0.4575439393520355,0.016363855451345444,0.024275794625282288,apple,right,0.06828636676073074,0.1580735594034195,18.23064613342285,1.0,0.01291966438293457,0.019429216161370277
0,S3b,0.22147592902183533,0.437113493680954,11.843123435974121,0.013856200501322746,0.00698490533977747,0.03736517205834389,0.27471375465393066,0.37493106722831726,13.68919563293457,0.04449829086661339,0.014658905565738678,0.03840305656194687,0.12605923414230347,0.21763837337493896,17.665843963623047,0.0034667968284338713,0.007416723296046257,0.02467477321624756,region_perceptual_apple,4.2796010136604306,0.08559300005435944,0.13968122005462646,20.65816879272461,0.9555016756057739,0.013773269951343536,0.018902059644460678,apple,left,0.09142635762691498,0.1443183422088623,20.28569221496582,1.0,0.013554762117564678,0.018931802362203598
0,S3b,0.5779416561126709,0.4228729009628296,9.313828468322754,0.015867918729782104,0.0175710991024971,0.07790507376194,0.07582329958677292,0.13721963763237,19.42031478881836,0.45782470703125,0.014256216585636139,0.01811322197318077,0.09955290704965591,0.2817009389400482,18.70404052734375,0.0015832518693059683,0.0010752874659374356,0.01644650101661682,region_perceptual_apple,4.2796010136604306,0.3143630623817444,0.1555933654308319,12.614208221435547,0.54217529296875,0.03204657509922981,0.03729696571826935,apple,right,0.11741499602794647,0.1415233016014099,17.043418884277344,1.0,0.02373998425900936,0.028419073671102524
1,S3b,0.18431833386421204,0.39364832639694214,14.205772399902344,0.02612914890050888,0.01502135582268238,0.032718054950237274,0.284963458776474,0.4939533472061157,14.030071258544922,0.06748046725988388,0.007328381296247244,0.02775750868022442,0.22300799190998077,0.4023398458957672,14.892513275146484,0.0030651853885501623,0.013743859715759754,0.023345449939370155,region_perceptual_apple,4.2796010136604306,0.11269945651292801,0.1742362082004547,18.936199188232422,0.9325194954872131,0.012752215377986431,0.018996315076947212,apple,left,0.12683166563510895,0.18489909172058105,18.56167984008789,1.0,0.012434650212526321,0.01885538548231125
1,S3b,0.11799778789281845,0.2347109615802765,16.001611709594727,0.03564453125,0.014628535136580467,0.028921352699398994,0.055778104811906815,0.12710605561733246,22.729328155517578,0.598925769329071,0.01162430178374052,0.017646122723817825,0.2506273686885834,0.5028190612792969,12.750354766845703,0.0028747557662427425,0.02238023653626442,0.025673262774944305,region_perceptual_apple,4.2796010136604306,0.13880430161952972,0.14997978508472443,16.08045196533203,0.40107420086860657,0.013174481689929962,0.01901077851653099,apple,right,0.05808763951063156,0.12969139218330383,21.90084457397461,1.0,0.011307831853628159,0.016742147505283356
2,S3b,0.3075057566165924,0.3929692804813385,15.327447891235352,0.023536376655101776,0.015856046229600906,0.02677045203745365,0.31314948201179504,0.46792110800743103,13.829718589782715,0.09731078892946243,0.005413152277469635,0.023742401972413063,0.23163281381130219,0.3996868133544922,14.133795738220215,0.0029565428849309683,0.016266319900751114,0.023852422833442688,region_perceptual_apple,4.2796010136604306,0.10926001518964767,0.17095139622688293,20.075838088989258,0.9026892185211182,0.013473565690219402,0.019629433751106262,apple,left,0.12952306866645813,0.19093939661979675,18.914508819580078,1.0,0.012685706838965416,0.01896505057811737
2,S3b,0.17450430989265442,0.2733234465122223,12.251066207885742,0.031523436307907104,0.017663829028606415,0.0349750779569149,0.06682979315519333,0.12832507491111755,21.53408432006836,0.6612280011177063,0.013143332675099373,0.01965230703353882,0.27027925848960876,0.4024985730648041,10.875978469848633,0.0036853025667369366,0.025352561846375465,0.03199757635593414,region_perceptual_apple,4.2796010136604306,0.1751343309879303,0.14016538858413696,13.190116882324219,0.3387719690799713,0.0278635136783123,0.03654851019382477,apple,right,0.07223927229642868,0.1293017864227295,19.724327087402344,1.0,0.016720207408070564,0.023627813905477524
3,S3b,0.2223341166973114,0.32117146253585815,16.254377365112305,0.035358887165784836,0.008320446126163006,0.02565137669444084,0.3172188997268677,0.4195269048213959,13.429889678955078,0.05078491196036339,0.009288962930440903,0.030638130381703377,0.026680659502744675,0.1561467945575714,17.694446563720703,0.003055419772863388,0.015688056126236916,0.02371116727590561,region_perceptual_apple,4.2796010136604306,0.09350790083408356,0.15893948078155518,19.953041076660156,0.9492150545120239,0.018044734373688698,0.0246079433709383,apple,left,0.09939520806074142,0.16387629508972168,19.48154640197754,1.0,0.0178323183208704,0.024403976276516914
3,S3b,0.1332911103963852,0.11813505738973618,16.86485481262207,0.009061278775334358,0.03468354791402817,0.037329476326704025,0.11582837253808975,0.20238997042179108,19.501850128173828,0.4594689905643463,0.01567423716187477,0.019062602892518044,0.11739806085824966,0.25896885991096497,11.962188720703125,0.0006860351422801614,0.028665434569120407,0.04010139778256416,region_perceptual_apple,4.2796010136604306,0.2741830050945282,0.1344858705997467,16.52153778076172,0.5405309796333313,0.009171729907393456,0.010038714855909348,apple,right,0.1360863596200943,0.1669219583272934,18.897872924804688,1.0,0.010729571804404259,0.012647535651922226
4,S3b,0.2629944980144501,0.2864695191383362,12.645326614379883,0.03449340909719467,0.021263256669044495,0.03871990367770195,0.339741051197052,0.43292734026908875,14.440851211547852,0.0278173815459013,0.019913412630558014,0.03910014405846596,0.3959679901599884,0.45438823103904724,13.224128723144531,0.004721679724752903,0.019876757636666298,0.027704522013664246,region_perceptual_apple,4.2796010136604306,0.06762046366930008,0.12439212948083878,22.151689529418945,0.97218257188797,0.016756519675254822,0.02329595945775509,apple,left,0.07216689735651016,0.12889671325683594,21.86948585510254,1.0,0.016815967857837677,0.023288914933800697
4,S3b,0.32331323623657227,0.374551385641098,13.973371505737305,0.021715087816119194,0.015140560455620289,0.028404416516423225,0.06898615509271622,0.13182437419891357,21.04454231262207,0.584484875202179,0.014676111750304699,0.017328504472970963,0.3060553967952728,0.40654072165489197,13.379578590393066,0.0026513671036809683,0.013960967771708965,0.024438656866550446,region_perceptual_apple,4.2796010136604306,0.3350370228290558,0.16909484565258026,14.582298278808594,0.41551512479782104,0.01617131568491459,0.022740649059414864,apple,right,0.10476163774728775,0.14557358622550964,19.23973274230957,1.0,0.014150392264127731,0.018362971022725105
5,S3b,0.17922477424144745,0.24384579062461853,16.12759780883789,0.012252196669578552,0.022184398025274277,0.03705127537250519,0.2770528793334961,0.40554895997047424,12.082648277282715,0.021693114191293716,0.012664186768233776,0.043209437280893326,0.050105269998311996,0.08931229263544083,17.495332717895508,0.0009252929594367743,0.057446807622909546,0.05604705587029457,region_perceptual_apple,4.2796010136604306,0.05643880367279053,0.13677483797073364,20.465030670166016,0.9783068895339966,0.015523702837526798,0.015893589705228806,apple,left,0.05903993919491768,0.13814574480056763,20.124053955078125,1.0,0.015477035194635391,0.01603570580482483
5,S3b,0.2401539534330368,0.3066788613796234,16.030242919921875,0.015931395813822746,0.011143404059112072,0.02949182689189911,0.05947626754641533,0.11883373558521271,22.079763412475586,0.4923339784145355,0.0141327865421772,0.01954583078622818,0.014856519177556038,0.06180509924888611,19.57366180419922,0.0020019530784338713,0.058105990290641785,0.05976790189743042,region_perceptual_apple,4.2796010136604306,0.12523597478866577,0.09966200590133667,18.451231002807617,0.5076659917831421,0.016549305990338326,0.019815664738416672,apple,right,0.0631016343832016,0.1050976887345314,21.674148559570312,1.0,0.013571825809776783,0.01735658198595047
6,S3b,0.4550371766090393,0.3939181864261627,13.2225980758667,0.036457519978284836,0.013889152556657791,0.04080412536859512,0.41019150614738464,0.4635527431964874,12.918606758117676,0.03197875991463661,0.010789171792566776,0.03428272157907486,0.1602240949869156,0.34031152725219727,18.198284149169922,0.0054125976748764515,0.0040939184837043285,0.022093193605542183,region_perceptual_apple,4.2796010136604306,0.07122311741113663,0.15734241902828217,22.22734832763672,0.9680212140083313,0.009862363338470459,0.01655276119709015,apple,left,0.08279502391815186,0.16331660747528076,21.199256896972656,1.0,0.009788012132048607,0.016601454466581345
6,S3b,0.2598997950553894,0.3664129972457886,12.408308982849121,0.017165526747703552,0.01848357915878296,0.06439767777919769,0.08435405790805817,0.09915010631084442,22.399290084838867,0.4816626012325287,0.009647827595472336,0.0156102878972888,0.12666019797325134,0.22748279571533203,16.917190551757812,0.0022644042037427425,0.005797012709081173,0.029743460938334465,region_perceptual_apple,4.2796010136604306,0.18188072741031647,0.1479593813419342,16.69219207763672,0.5183373689651489,0.026224983856081963,0.03624718636274338,apple,right,0.0885830745100975,0.12096378952264786,21.84941291809082,1.0,0.018121719360351562,0.02522691898047924
7,S3b,0.31297916173934937,0.2532787322998047,12.501420021057129,0.03060302697122097,0.023636886849999428,0.03529619053006172,0.21839740872383118,0.24604806303977966,13.376789093017578,0.031788330525159836,0.02465975098311901,0.03974537178874016,0.12997770309448242,0.21888108551502228,16.944660186767578,0.0021813963539898396,0.01782980002462864,0.021434346213936806,region_perceptual_apple,4.2796010136604306,0.06926240026950836,0.13190920650959015,19.262229919433594,0.9682116508483887,0.010256577283143997,0.01269784476608038,apple,left,0.07102588564157486,0.1330127865076065,19.093833923339844,1.0,0.01031497772783041,0.012846057303249836
7,S3b,0.335029661655426,0.3116907775402069,13.960853576660156,0.03444213792681694,0.02867736853659153,0.0510791540145874,0.05697093531489372,0.11393406242132187,22.917972564697266,0.6329589486122131,0.013373912312090397,0.018475983291864395,0.22331809997558594,0.29918432235717773,16.16581916809082,0.004774169996380806,0.0060233986005187035,0.01914849877357483,region_perceptual_apple,4.2796010136604306,0.2743423283100128,0.18021462857723236,15.153313636779785,0.3670410215854645,0.03591989353299141,0.04121078550815582,apple,right,0.0833393856883049,0.1369919776916504,21.22164535522461,1.0,0.020287614315748215,0.024843763560056686
8,S3b,0.18262647092342377,0.31424444913864136,13.717544555664062,0.03602050617337227,0.015900451689958572,0.04380139708518982,0.23594698309898376,0.3958461582660675,13.743366241455078,0.0246130358427763,0.010832040570676327,0.04574495553970337,0.13143298029899597,0.26755499839782715,17.072856903076172,0.0028308103792369366,0.00688630435615778,0.020271005108952522,region_perceptual_apple,4.2796010136604306,0.06581389904022217,0.16558575630187988,19.811532974243164,0.975386917591095,0.012044349685311317,0.018205249682068825,apple,left,0.06894613802433014,0.16814303398132324,19.509164810180664,1.0,0.011958475224673748,0.018374474719166756
8,S3b,0.11548458784818649,0.3569922149181366,12.412514686584473,0.02534179575741291,0.011613230220973492,0.036831606179475784,0.050201721489429474,0.13574077188968658,19.22711181640625,0.512951672077179,0.01504381000995636,0.02056543342769146,0.055937789380550385,0.2633119523525238,19.306049346923828,0.0023315430153161287,0.00614878861233592,0.016061406582593918,region_perceptual_apple,4.2796010136604306,0.10206224024295807,0.15413898229599,15.45451545715332,0.48704832792282104,0.01409098505973816,0.019417041912674904,apple,right,0.053168635815382004,0.13862119615077972,18.75466537475586,1.0,0.012995925731956959,0.017230724915862083
9,S3b,0.18140080571174622,0.301351398229599,15.647077560424805,0.029216308146715164,0.02463315613567829,0.05034611001610756,0.28687289357185364,0.44558316469192505,13.881078720092773,0.03616088628768921,0.00974912941455841,0.0333942286670208,0.19726523756980896,0.3672133684158325,16.933897018432617,0.0036071776412427425,0.007868301123380661,0.02391469106078148,region_perceptual_apple,4.2796010136604306,0.068364717066288,0.14780321717262268,22.11077880859375,0.9638391137123108,0.018590735271573067,0.024160509929060936,apple,left,0.0745110884308815,0.1531345695257187,21.552316665649414,1.0,0.018384156748652458,0.02403249777853489
9,S3b,0.2935771644115448,0.2073134332895279,14.629899024963379,0.029327392578125,0.025989916175603867,0.03543893247842789,0.08149813115596771,0.1341584324836731,20.26964569091797,0.500561535358429,0.01627013087272644,0.018834374845027924,0.1302867829799652,0.22723053395748138,15.80115795135498,0.0019738769624382257,0.02403484284877777,0.02254140004515648,region_perceptual_apple,4.2796010136604306,0.18208059668540955,0.12827034294605255,15.954565048217773,0.49943846464157104,0.01013266947120428,0.010660987347364426,apple,right,0.08321725577116013,0.12698118388652802,20.03370475769043,1.0,0.011466320604085922,0.012843655422329903
10,S3b,0.23254863917827606,0.2942356765270233,15.938081741333008,0.015347899869084358,0.006717928685247898,0.025068387389183044,0.23751889169216156,0.33826547861099243,13.547745704650879,0.022609863430261612,0.007173712365329266,0.037616580724716187,0.03967063128948212,0.15391533076763153,19.214107513427734,0.0013964843237772584,0.005171974189579487,0.033886462450027466,region_perceptual_apple,4.2796010136604306,0.054684460163116455,0.10148394107818604,22.777828216552734,0.9773901104927063,0.01806541532278061,0.024471411481499672,apple,left,0.05668182298541069,0.10278961062431335,22.13691520690918,1.0,0.01795968972146511,0.024388428777456284
10,S3b,0.20649707317352295,0.24086645245552063,15.472487449645996,0.012789306230843067,0.008485108613967896,0.02792268432676792,0.08822965621948242,0.09743423014879227,22.55447006225586,0.44438230991363525,0.01316035632044077,0.018963566049933434,0.04209569841623306,0.16362939774990082,16.57193946838379,0.0010925292735919356,0.016880176961421967,0.03767536208033562,region_perceptual_apple,4.2796010136604306,0.17871896922588348,0.10062509775161743,18.377037048339844,0.5556176900863647,0.029850231483578682,0.036756280809640884,apple,right,0.09272926300764084,0.09559593349695206,22.09547233581543,1.0,0.02211720496416092,0.02759474329650402
11,S3b,0.15046824514865875,0.21204786002635956,16.787506103515625,0.012246093712747097,0.027569260448217392,0.03709208592772484,0.294614315032959,0.4730779826641083,12.503875732421875,0.07564575225114822,0.01344439946115017,0.027664076536893845,0.10348882526159286,0.25864946842193604,15.047235488891602,0.0006396484095603228,0.021660199388861656,0.04261915385723114,region_perceptual_apple,4.2796010136604306,0.08483262360095978,0.16670235991477966,19.04389190673828,0.9243542551994324,0.01133896503597498,0.012382612563669682,apple,left,0.10662233829498291,0.17991775274276733,17.764122009277344,1.0,0.011392693035304546,0.012753810733556747
11,S3b,0.38988831639289856,0.4687860608100891,13.994282722473145,0.04602294787764549,0.008839461952447891,0.024944879114627838,0.15591950714588165,0.252402663230896,18.007299423217773,0.654614269733429,0.011887039057910442,0.01867089793086052,0.029994111508131027,0.1710636168718338,21.893884658813477,0.006810302380472422,0.019573509693145752,0.02101798914372921,region_perceptual_apple,4.2796010136604306,0.32038214802742004,0.19209899008274078,13.659034729003906,0.34538573026657104,0.017697887495160103,0.024086374789476395,apple,right,0.1663464605808258,0.21902033686637878,17.442434310913086,1.0,0.012713602744042873,0.019392067566514015
12,S3b,0.18433460593223572,0.2870677709579468,15.602409362792969,0.012785644270479679,0.008227084763348103,0.029985714703798294,0.19401535391807556,0.32595375180244446,13.297174453735352,0.013536376878619194,0.012733833864331245,0.04102010652422905,0.03476911410689354,0.1531173437833786,17.086912155151367,0.0011279296595603228,0.009736198000609875,0.0348619669675827,region_perceptual_apple,4.2796010136604306,0.04945041984319687,0.10117457062005997,21.7650146484375,0.9864636063575745,0.021646756678819656,0.027574051171541214,apple,left,0.04974262788891792,0.10173572599887848,21.624332427978516,1.0,0.021601635962724686,0.02752603031694889
12,S3b,0.09424778074026108,0.16405802965164185,18.159624099731445,0.03315551578998566,0.01260410062968731,0.024998638778924942,0.05730292946100235,0.10912736505270004,24.27341651916504,0.5914672613143921,0.012347694486379623,0.01826881803572178,,,,0.0,,,region_perceptual_apple,4.2796010136604306,0.18262767791748047,0.13604706525802612,16.0563907623291,0.4085327088832855,0.012115923687815666,0.019051626324653625,apple,right,0.06854219734668732,0.11670740693807602,22.12834358215332,1.0,0.011214006692171097,0.01683002896606922
13,S3b,0.2117311805486679,0.26381856203079224,15.60578441619873,0.012784423306584358,0.0080632995814085,0.028936227783560753,0.19974416494369507,0.2880517542362213,13.73351001739502,0.015777587890625,0.012339266017079353,0.042111095041036606,0.03567430377006531,0.1699402928352356,16.559022903442383,0.0011120605049654841,0.013649902306497097,0.03600548952817917,region_perceptual_apple,4.2796010136604306,0.05159320682287216,0.09714752435684204,22.11819839477539,0.984222412109375,0.02217121236026287,0.027611220255494118,apple,left,0.052017007023096085,0.09771598875522614,21.974782943725586,1.0,0.022111516445875168,0.027554798871278763
13,S3b,0.2273203283548355,0.2422088235616684,15.773113250732422,0.015305175445973873,0.008298985660076141,0.025419829413294792,0.04648980125784874,0.08943138271570206,23.00625991821289,0.49840086698532104,0.010694924741983414,0.01617143675684929,0.03293084353208542,0.14196372032165527,19.677242279052734,0.0014086914015933871,0.005753716453909874,0.032180920243263245,region_perceptual_apple,4.2796010136604306,0.1437399834394455,0.1006922647356987,18.517969131469727,0.501599133014679,0.026447350159287453,0.03458845242857933,apple,right,0.053370192646980286,0.09196940809488297,22.387048721313477,1.0,0.018018461763858795,0.024332057684659958
14,S3b,0.1342329978942871,0.19091513752937317,19.631587982177734,0.03038330003619194,0.014499739743769169,0.025089703500270844,0.4295029938220978,0.4154190123081207,13.096814155578613,0.015169677324593067,0.016888631507754326,0.04412658140063286,,,,0.0,,,region_perceptual_apple,4.2796010136604306,0.08796738088130951,0.13153058290481567,21.281082153320312,0.9848303198814392,0.011583209969103336,0.0170097928494215,apple,left,0.09013601392507553,0.1328790783882141,21.10706329345703,1.0,0.011607155203819275,0.01711241714656353
14,S3b,0.23445914685726166,0.24086645245552063,15.489787101745605,0.012789306230843067,0.008485108613967896,0.02792268432676792,0.10551237314939499,0.09743423014879227,22.676910400390625,0.44438230991363525,0.01316035632044077,0.018963566049933434,0.06412532180547714,0.16362939774990082,16.57193946838379,0.0010925292735919356,0.016880176961421967,0.03767536208033562,region_perceptual_apple,4.2796010136604306,0.19315674901008606,0.10062509775161743,18.589954376220703,0.5556176900863647,0.029850231483578682,0.036756280809640884,apple,right,0.11055681854486465,0.09559593349695206,22.220840454101562,1.0,0.02211720496416092,0.02759474329650402
15,S3b,0.20912125706672668,0.25094911456108093,16.023605346679688,0.012763671576976776,0.006439385935664177,0.027157125994563103,0.19277940690517426,0.30282488465309143,14.017793655395508,0.02033081091940403,0.013903629034757614,0.04330337792634964,0.035149622708559036,0.17797306180000305,16.29676628112793,0.0010607909644022584,0.016619399189949036,0.03820938989520073,region_perceptual_apple,4.2796010136604306,0.05364322289824486,0.1007193922996521,22.390491485595703,0.9796691536903381,0.021660275757312775,0.027726072818040848,apple,left,0.0542260967195034,0.10158807784318924,22.165239334106445,1.0,0.021601993590593338,0.02764386683702469
15,S3b,0.15849068760871887,0.1539994329214096,17.060382843017578,0.028933104127645493,0.013819444924592972,0.025068974122405052,0.06241791695356369,0.11954211443662643,23.543283462524414,0.5914672613143921,0.012367963790893555,0.018699122592806816,,,,0.0,,,region_perceptual_apple,4.2796010136604306,0.25610026717185974,0.15671229362487793,14.406478881835938,0.4085327088832855,0.012144314125180244,0.019209975376725197,apple,right,0.08239485323429108,0.13030685484409332,20.749189376831055,1.0,0.011233123019337654,0.017223184928297997
16,S3b,0.2156522125005722,0.2463732659816742,15.624852180480957,0.012642822228372097,0.006413406692445278,0.026962505653500557,0.2897382378578186,0.3227294683456421,13.120601654052734,0.021599121391773224,0.011602407321333885,0.04245758429169655,0.04666253924369812,0.18328091502189636,16.195409774780273,0.0010314941173419356,0.012585347518324852,0.037916816771030426,region_perceptual_apple,4.2796010136604306,0.06227010488510132,0.1000421866774559,21.853771209716797,0.9784008860588074,0.02187134139239788,0.027798503637313843,apple,left,0.06395597010850906,0.10095538944005966,21.555517196655273,1.0,0.02180337905883789,0.027716396376490593
16,S3b,0.20096200704574585,0.40451279282569885,13.636513710021973,0.03907470777630806,0.009302367456257343,0.026178602129220963,0.06518078595399857,0.20284420251846313,18.792179107666016,0.5430908203125,0.013490117155015469,0.020796125754714012,0.01839476078748703,0.3188376724720001,17.29014015197754,0.003988036885857582,0.008867583237588406,0.013759917579591274,region_perceptual_apple,4.2796010136604306,0.15971733629703522,0.13966070115566254,14.431862831115723,0.4569091796875,0.015666872262954712,0.02199443429708481,apple,right,0.06967075169086456,0.1648794710636139,18.351869583129883,1.0,0.012912148609757423,0.019515996798872948
17,S3b,0.1738041192293167,0.2669048011302948,16.09881591796875,0.012508545070886612,0.0060596405528485775,0.027111122384667397,0.2834983766078949,0.3589644134044647,13.48763370513916,0.024644775316119194,0.009162487462162971,0.045598965138196945,0.05395665019750595,0.21511471271514893,16.98508071899414,0.0010510253487154841,0.003945161122828722,0.035187724977731705,region_perceptual_apple,4.2796010136604306,0.05392555519938469,0.10310732573270798,22.756122589111328,0.9753552079200745,0.021528072655200958,0.02786913514137268,apple,left,0.05680552124977112,0.10472828894853592,22.272098541259766,1.0,0.021415507420897484,0.027770882472395897
17,S3b,0.1975731998682022,0.4298338294029236,13.913039207458496,0.03888794034719467,0.009043922647833824,0.026402601972222328,0.07816879451274872,0.2238152176141739,18.206403732299805,0.556835949420929,0.013030734844505787,0.02090279757976532,0.036929842084646225,0.3308248817920685,16.99037742614746,0.004071044735610485,0.008981979452073574,0.013267106376588345,region_perceptual_apple,4.2796010136604306,0.1635212004184723,0.15053366124629974,14.585814476013184,0.44316405057907104,0.015407100319862366,0.022437678650021553,apple,right,0.08032447844743729,0.1798505038022995,18.037500381469727,1.0,0.012680046260356903,0.019619017839431763
18,S3b,0.17526806890964508,0.3221684694290161,15.282712936401367,0.014627684839069843,0.006981542333960533,0.02677694708108902,0.23093192279338837,0.39407873153686523,13.928784370422363,0.03294067457318306,0.0076044052839279175,0.03472750633955002,0.09823806583881378,0.24363939464092255,16.04438018798828,0.0014672850957140326,0.005874508526176214,0.03150089830160141,region_perceptual_apple,4.2796010136604306,0.05329747498035431,0.10567566752433777,22.645221710205078,0.967059314250946,0.01810981146991253,0.02471582032740116,apple,left,0.057042934000492096,0.10933872312307358,22.057607650756836,1.0,0.017903273925185204,0.024614712223410606
18,S3b,0.15099263191223145,0.2657013535499573,15.97058391571045,0.012326659634709358,0.007089819293469191,0.028228847309947014,0.07942231744527817,0.10541298240423203,22.324050903320312,0.44953978061676025,0.012505845166742802,0.019167697057127953,0.08687027543783188,0.24751189351081848,16.387916564941406,0.0011486816219985485,0.006737435702234507,0.03431783244013786,region_perceptual_apple,4.2796010136604306,0.1558472365140915,0.10016019642353058,18.995853424072266,0.5504602193832397,0.029957300052046776,0.037252504378557205,apple,right,0.08073142170906067,0.09856515377759933,22.239093780517578,1.0,0.021837592124938965,0.02781723625957966
19,S3b,0.173549085855484,0.3071129620075226,14.947304725646973,0.014307861216366291,0.008787991479039192,0.03349577262997627,0.22310681641101837,0.3700154721736908,13.70473861694336,0.03423827886581421,0.008507204242050648,0.037130098789930344,0.11695485562086105,0.2835563123226166,14.683481216430664,0.0015148925594985485,0.009011399932205677,0.038132213056087494,region_perceptual_apple,4.2796010136604306,0.050774116069078445,0.10813408344984055,22.9354190826416,0.9657617211341858,0.017866604030132294,0.024908922612667084,apple,left,0.05517296493053436,0.11174461990594864,22.131166458129883,1.0,0.01766238734126091,0.024806920439004898
19,S3b,0.19572444260120392,0.46183618903160095,14.406634330749512,0.03692626953125,0.008923221379518509,0.027286570519208908,0.08485068380832672,0.2245614230632782,17.900569915771484,0.5424560308456421,0.012814568355679512,0.01901071146130562,0.12146802991628647,0.47810059785842896,14.692327499389648,0.003879394382238388,0.0050131878815591335,0.015157368965446949,region_perceptual_apple,4.2796010136604306,0.2016066014766693,0.14148131012916565,14.353578567504883,0.4575439393520355,0.016553333029150963,0.024275794625282288,apple,right,0.09192884713411331,0.1801053136587143,17.538982391357422,1.0,0.013368490152060986,0.019429216161370277
0,S5b,0.31353458762168884,0.4372410774230957,11.15374755859375,0.013856200501322746,0.008466338738799095,0.03736517205834389,0.31554651260375977,0.4111633002758026,13.440146446228027,0.04449829086661339,0.018746381625533104,0.03840305656194687,0.1683291792869568,0.28248411417007446,16.003171920776367,0.0034667968284338713,0.03165443241596222,0.02467477321624756,region_perceptual_apple,4.721302390098572,0.07958041876554489,0.14294636249542236,20.731300354003906,0.9555016756057739,0.014811682514846325,0.018902059644460678,apple,left,0.0873979926109314,0.14807116985321045,20.232200622558594,1.0,0.014598594047129154,0.018931802362203598
0,S5b,0.5647286176681519,0.42516177892684937,7.776673316955566,0.015867918729782104,0.025759950280189514,0.07790507376194,0.05774908512830734,0.15466314554214478,19.752613067626953,0.45782470703125,0.01302191149443388,0.01811322197318077,0.12898536026477814,0.32556286454200745,16.317279815673828,0.0015832518693059683,0.0023733426351100206,0.01644650101661682,region_perceptual_apple,4.721302390098572,0.2852046489715576,0.16796819865703583,11.987464904785156,0.54217529296875,0.029749928042292595,0.03729696571826935,apple,right,0.09716252982616425,0.1559583842754364,16.80404281616211,1.0,0.022007199004292488,0.028419073671102524
1,S5b,0.16294945776462555,0.39984261989593506,14.380752563476562,0.02612914890050888,0.016539067029953003,0.032718054950237274,0.2511933445930481,0.4959520995616913,14.147778511047363,0.06748046725988388,0.009893560782074928,0.02775750868022442,0.18597835302352905,0.4058929681777954,14.518600463867188,0.0030651853885501623,0.012479069642722607,0.023345449939370155,region_perceptual_apple,4.721302390098572,0.0856090635061264,0.17110812664031982,19.368764877319336,0.9325194954872131,0.01323414035141468,0.018996315076947212,apple,left,0.09866662323474884,0.18176469206809998,18.96336555480957,1.0,0.01299011055380106,0.01885538548231125
1,S5b,0.10507706552743912,0.2641090750694275,15.275310516357422,0.03564453125,0.013064217753708363,0.028921352699398994,0.04554908350110054,0.13260085880756378,21.997039794921875,0.598925769329071,0.011531654745340347,0.017646122723817825,0.26719731092453003,0.5224599838256836,11.678525924682617,0.0028747557662427425,0.02129041962325573,0.025673262774944305,region_perceptual_apple,4.721302390098572,0.12165524810552597,0.14097778499126434,15.681086540222168,0.40107420086860657,0.013182977214455605,0.01901077851653099,apple,right,0.047457143664360046,0.12862059473991394,21.167142868041992,1.0,0.011282587423920631,0.016742147505283356
2,S5b,0.30085426568984985,0.3971957862377167,15.2891263961792,0.023536376655101776,0.017281120643019676,0.02677045203745365,0.2827461361885071,0.42103344202041626,13.998554229736328,0.09731078892946243,0.007833489216864109,0.023742401972413063,0.2526302933692932,0.4103173315525055,13.461973190307617,0.0029565428849309683,0.01694590225815773,0.023852422833442688,region_perceptual_apple,4.721302390098572,0.08536858856678009,0.16512998938560486,20.885066986083984,0.9026892185211182,0.014605680480599403,0.019629433751106262,apple,left,0.1067257672548294,0.1814243644475937,19.48927879333496,1.0,0.013813387602567673,0.01896505057811737
2,S5b,0.15103845298290253,0.2546817660331726,12.056299209594727,0.031523436307907104,0.024122579023241997,0.0349750779569149,0.05347096547484398,0.13854429125785828,21.047027587890625,0.6612280011177063,0.012831931933760643,0.01965230703353882,0.2699489891529083,0.4031723141670227,10.428132057189941,0.0036853025667369366,0.029086677357554436,0.03199757635593414,region_perceptual_apple,4.721302390098572,0.15886542201042175,0.1439099907875061,12.464165687561035,0.3387719690799713,0.028805464506149292,0.03654851019382477,apple,right,0.05941106379032135,0.13652577996253967,19.147859573364258,1.0,0.016980033367872238,0.023627813905477524
3,S5b,0.16128641366958618,0.29226744174957275,15.896735191345215,0.035358887165784836,0.009294268675148487,0.02565137669444084,0.21125170588493347,0.36193129420280457,13.92937183380127,0.05078491196036339,0.016282841563224792,0.030638130381703377,0.02931869588792324,0.1449674367904663,17.64800262451172,0.003055419772863388,0.01656670868396759,0.02371116727590561,region_perceptual_apple,4.721302390098572,0.07442334294319153,0.1506016105413437,21.114517211914062,0.9492150545120239,0.019147660583257675,0.0246079433709383,apple,left,0.0772370994091034,0.1544378101825714,20.55584144592285,1.0,0.019066860899329185,0.024403976276516914
3,S5b,0.10661393404006958,0.10812116414308548,17.08197021484375,0.009061278775334358,0.03231628239154816,0.037329476326704025,0.09825590997934341,0.19118668138980865,18.9737548828125,0.4594689905643463,0.015505224466323853,0.019062602892518044,0.10739102959632874,0.23629167675971985,11.939872741699219,0.0006860351422801614,0.02408386394381523,0.04010139778256416,region_perceptual_apple,4.721302390098572,0.22122524678707123,0.1299067735671997,15.943431854248047,0.5405309796333313,0.009137657471001148,0.010038714855909348,apple,right,0.1145971491932869,0.15813247859477997,18.358882904052734,1.0,0.010752945207059383,0.012647535651922226
4,S5b,0.19545263051986694,0.26809000968933105,13.786062240600586,0.03449340909719467,0.020670225843787193,0.03871990367770195,0.26021069288253784,0.4143667221069336,14.514795303344727,0.0278173815459013,0.021047618240118027,0.03910014405846596,0.34054964780807495,0.4010463356971741,13.665822982788086,0.004721679724752903,0.01761418767273426,0.027704522013664246,region_perceptual_apple,4.721302390098572,0.05806071311235428,0.11547725647687912,22.475969314575195,0.97218257188797,0.017354927957057953,0.02329595945775509,apple,left,0.06130855157971382,0.11975524574518204,22.154691696166992,1.0,0.017444079741835594,0.023288914933800697
4,S5b,0.29967445135116577,0.36964911222457886,13.622769355773926,0.021715087816119194,0.016553325578570366,0.028404416516423225,0.07480227947235107,0.1341158002614975,20.931283950805664,0.584484875202179,0.015065422281622887,0.017328504472970963,0.27295422554016113,0.41131946444511414,13.598723411560059,0.0026513671036809683,0.01375990454107523,0.024438656866550446,region_perceptual_apple,4.721302390098572,0.28764814138412476,0.1659502387046814,14.483049392700195,0.41551512479782104,0.016968898475170135,0.022740649059414864,apple,right,0.10307583957910538,0.14583314955234528,19.088619232177734,1.0,0.014626291580498219,0.018362971022725105
5,S5b,0.15296906232833862,0.2251308113336563,17.060102462768555,0.012252196669578552,0.012947818264365196,0.03705127537250519,0.19781412184238434,0.39524996280670166,13.850542068481445,0.021693114191293716,0.008040055632591248,0.043209437280893326,0.047178614884614944,0.08451487869024277,17.597553253173828,0.0009252929594367743,0.03565650060772896,0.05604705587029457,region_perceptual_apple,4.721302390098572,0.045661818236112595,0.12294033169746399,22.124387741088867,0.9783068895339966,0.01124172005802393,0.015893589705228806,apple,left,0.04746342822909355,0.1242939755320549,21.88682746887207,1.0,0.011193997226655483,0.01603570580482483
5,S5b,0.23521411418914795,0.3139019310474396,15.313692092895508,0.015931395813822746,0.009673641994595528,0.02949182689189911,0.06684023141860962,0.11982206255197525,21.355918884277344,0.4923339784145355,0.013676255941390991,0.01954583078622818,0.02562703937292099,0.06721252202987671,18.84628677368164,0.0020019530784338713,0.043797582387924194,0.05976790189743042,region_perceptual_apple,4.721302390098572,0.12904050946235657,0.09802359342575073,17.811687469482422,0.5076659917831421,0.015865100547671318,0.019815664738416672,apple,right,0.07053504884243011,0.10522755980491638,20.966678619384766,1.0,0.01320228073745966,0.01735658198595047
6,S5b,0.42212456464767456,0.3840143084526062,14.749394416809082,0.036457519978284836,0.01583065465092659,0.04080412536859512,0.434763103723526,0.4562421441078186,15.703892707824707,0.03197875991463661,0.01351115945726633,0.03428272157907486,0.27905598282814026,0.3505293130874634,17.422035217285156,0.0054125976748764515,0.0040367948822677135,0.022093193605542183,region_perceptual_apple,4.721302390098572,0.06347717344760895,0.14856742322444916,23.328140258789062,0.9680212140083313,0.010760040022432804,0.01655276119709015,apple,left,0.07252810150384903,0.1544267237186432,23.086742401123047,1.0,0.010721257887780666,0.016601454466581345
6,S5b,0.24144986271858215,0.36376336216926575,12.937118530273438,0.017165526747703552,0.01818760298192501,0.06439767777919769,0.0925026461482048,0.09804211556911469,22.66797637939453,0.4816626012325287,0.009637320414185524,0.0156102878972888,0.09715147316455841,0.2303137332201004,17.105005264282227,0.0022644042037427425,0.006494859699159861,0.029743460938334465,region_perceptual_apple,4.721302390098572,0.165157750248909,0.1438998132944107,18.071025848388672,0.5183373689651489,0.02697332575917244,0.03624718636274338,apple,right,0.09286284446716309,0.11831296980381012,22.62706756591797,1.0,0.018594874069094658,0.02522691898047924
7,S5b,0.3606196641921997,0.25591349601745605,12.445382118225098,0.03060302697122097,0.024769211187958717,0.03529619053006172,0.25664058327674866,0.24447999894618988,13.27144718170166,0.031788330525159836,0.027814101427793503,0.03974537178874016,0.14030197262763977,0.23646128177642822,16.749568939208984,0.0021813963539898396,0.022998427972197533,0.021434346213936806,region_perceptual_apple,4.721302390098572,0.0769730731844902,0.13515061140060425,19.157827377319336,0.9682116508483887,0.010770853608846664,0.01269784476608038,apple,left,0.07860234379768372,0.1361960619688034,19.016948699951172,1.0,0.010851303115487099,0.012846057303249836
7,S5b,0.33607912063598633,0.30781126022338867,13.591686248779297,0.03444213792681694,0.027352651581168175,0.0510791540145874,0.060893695801496506,0.11868725717067719,23.138946533203125,0.6329589486122131,0.013787591829895973,0.018475983291864395,0.21689721941947937,0.3001145124435425,15.86107349395752,0.004774169996380806,0.007559177000075579,0.01914849877357483,region_perceptual_apple,4.721302390098572,0.2632482945919037,0.18002164363861084,14.7986421585083,0.3670410215854645,0.036042772233486176,0.04121078550815582,apple,right,0.08493881672620773,0.13990868628025055,21.008338928222656,1.0,0.02052726410329342,0.024843763560056686
8,S5b,0.23054371774196625,0.2939249277114868,13.267794609069824,0.03602050617337227,0.01851293444633484,0.04380139708518982,0.29904574155807495,0.35445719957351685,13.006657600402832,0.0246130358427763,0.015248741954565048,0.04574495553970337,0.152984619140625,0.2577580213546753,16.47657585144043,0.0028308103792369366,0.006681648548692465,0.020271005108952522,region_perceptual_apple,4.721302390098572,0.06300564110279083,0.1597929298877716,19.66048240661621,0.975386917591095,0.012665393762290478,0.018205249682068825,apple,left,0.06873936951160431,0.1617973893880844,19.314762115478516,1.0,0.012618732638657093,0.018374474719166756
8,S5b,0.13382194936275482,0.26764118671417236,12.933839797973633,0.02534179575741291,0.014869926497340202,0.036831606179475784,0.051655206829309464,0.1199624091386795,18.393266677856445,0.512951672077179,0.013670665211975574,0.02056543342769146,0.04779476672410965,0.2541796565055847,18.67133903503418,0.0023315430153161287,0.005465291906148195,0.016061406582593918,region_perceptual_apple,4.721302390098572,0.11267517507076263,0.1290137767791748,14.584694862365723,0.48704832792282104,0.012922104448080063,0.019417041912674904,apple,right,0.055702827870845795,0.12000913172960281,18.01261329650879,1.0,0.012065923772752285,0.017230724915862083
9,S5b,0.17766621708869934,0.26826009154319763,13.522019386291504,0.029216308146715164,0.025594007223844528,0.05034611001610756,0.2747880220413208,0.4565282166004181,12.95045280456543,0.03616088628768921,0.010013642720878124,0.0333942286670208,0.16758544743061066,0.34822508692741394,16.289709091186523,0.0036071776412427425,0.009025858715176582,0.02391469106078148,region_perceptual_apple,4.721302390098572,0.06437554955482483,0.14295557141304016,21.267574310302734,0.9638391137123108,0.018690889701247215,0.024160509929060936,apple,left,0.07068699598312378,0.14860007166862488,20.676929473876953,1.0,0.01848318986594677,0.02403249777853489
9,S5b,0.2949596047401428,0.1772059202194214,14.999646186828613,0.029327392578125,0.025835251435637474,0.03543893247842789,0.07936383783817291,0.12775686383247375,20.303590774536133,0.500561535358429,0.015362553298473358,0.018834374845027924,0.16245336830615997,0.2251996397972107,16.72620964050293,0.0019738769624382257,0.0199959147721529,0.02254140004515648,region_perceptual_apple,4.721302390098572,0.1825188398361206,0.11998851597309113,16.235614776611328,0.49943846464157104,0.009724481031298637,0.010660987347364426,apple,right,0.08140410482883453,0.12023092061281204,20.159889221191406,1.0,0.010989741422235966,0.012843655422329903
10,S5b,0.2268572747707367,0.29456767439842224,15.543262481689453,0.015347899869084358,0.007448099087923765,0.025068387389183044,0.21882972121238708,0.3388388752937317,13.892802238464355,0.022609863430261612,0.010321841575205326,0.037616580724716187,0.043478578329086304,0.16639044880867004,17.979703903198242,0.0013964843237772584,0.005116724409162998,0.033886462450027466,region_perceptual_apple,4.721302390098572,0.04858119785785675,0.10557182878255844,22.5894718170166,0.9773901104927063,0.017987245693802834,0.024471411481499672,apple,left,0.049878042191267014,0.10682590305805206,22.2550106048584,1.0,0.017899949103593826,0.024388428777456284
10,S5b,0.21461251378059387,0.23294389247894287,15.172175407409668,0.012789306230843067,0.008271685801446438,0.02792268432676792,0.05940285325050354,0.09662821888923645,22.9157657623291,0.44438230991363525,0.013838537968695164,0.018963566049933434,0.04734847694635391,0.14045311510562897,17.354167938232422,0.0010925292735919356,0.021340401843190193,0.03767536208033562,region_perceptual_apple,4.721302390098572,0.1251569539308548,0.09964467585086823,18.332130432128906,0.5556176900863647,0.030467437580227852,0.036756280809640884,apple,right,0.06301690638065338,0.09583596140146255,22.268272399902344,1.0,0.022680623456835747,0.02759474329650402
11,S5b,0.12940698862075806,0.2047446221113205,17.14434814453125,0.012246093712747097,0.027759555727243423,0.03709208592772484,0.2991884648799896,0.4604731798171997,12.172943115234375,0.07564575225114822,0.016185035929083824,0.027664076536893845,0.09375365823507309,0.3093067407608032,15.2673921585083,0.0006396484095603228,0.015899118036031723,0.04261915385723114,region_perceptual_apple,4.721302390098572,0.07993539422750473,0.16385649144649506,18.749149322509766,0.9243542551994324,0.010560172609984875,0.012382612563669682,apple,left,0.10406467318534851,0.17633284628391266,17.48638343811035,1.0,0.010828448459506035,0.012753810733556747
11,S5b,0.30168288946151733,0.4315679967403412,14.148223876953125,0.04602294787764549,0.00902527291327715,0.024944879114627838,0.14561842381954193,0.23698562383651733,18.373044967651367,0.654614269733429,0.013266094960272312,0.01867089793086052,0.08737392723560333,0.15178103744983673,21.31138038635254,0.006810302380472422,0.0190294049680233,0.02101798914372921,region_perceptual_apple,4.721302390098572,0.29124608635902405,0.1818140149116516,13.328533172607422,0.34538573026657104,0.017869172617793083,0.024086374789476395,apple,right,0.15548788011074066,0.20702293515205383,17.66725730895996,1.0,0.013644423335790634,0.019392067566514015
12,S5b,0.1313859075307846,0.2237989455461502,15.67832088470459,0.012785644270479679,0.009485799819231033,0.029985714703798294,0.15937691926956177,0.3110716640949249,13.285572052001953,0.013536376878619194,0.013836908154189587,0.04102010652422905,0.03617790713906288,0.15700475871562958,17.72931671142578,0.0011279296595603228,0.0143468352034688,0.0348619669675827,region_perceptual_apple,4.721302390098572,0.042107243090867996,0.08972195535898209,22.726768493652344,0.9864636063575745,0.022334441542625427,0.027574051171541214,apple,left,0.04252170771360397,0.09025462716817856,22.48613166809082,1.0,0.022282002493739128,0.02752603031694889
12,S5b,0.09504079073667526,0.18040308356285095,17.956035614013672,0.03315551578998566,0.011020655743777752,0.024998638778924942,0.047599907964468,0.11252643913030624,24.04880714416504,0.5914672613143921,0.011971144936978817,0.01826881803572178,,,,0.0,,,region_perceptual_apple,4.721302390098572,0.13996398448944092,0.13640500605106354,16.06517219543457,0.4085327088832855,0.011294534429907799,0.019051626324653625,apple,right,0.0546429380774498,0.11887679994106293,22.0244140625,1.0,0.010730927810072899,0.01683002896606922
13,S5b,0.16081315279006958,0.22825376689434052,14.846076965332031,0.012784423306584358,0.010607601143419743,0.028936227783560753,0.16246134042739868,0.3214273750782013,13.015922546386719,0.015777587890625,0.014492897316813469,0.042111095041036606,0.038281653076410294,0.16870583593845367,17.462255477905273,0.0011120605049654841,0.018416685983538628,0.03600548952817917,region_perceptual_apple,4.721302390098572,0.0440421923995018,0.09312303364276886,22.137449264526367,0.984222412109375,0.0226569976657629,0.027611220255494118,apple,left,0.044532231986522675,0.09375396370887756,21.90777015686035,1.0,0.02260127291083336,0.027554798871278763
13,S5b,0.1838405281305313,0.24369442462921143,15.855461120605469,0.015305175445973873,0.00834482628852129,0.025419829413294792,0.03639468178153038,0.09130215644836426,23.523303985595703,0.49840086698532104,0.010554192587733269,0.01617143675684929,0.035355690866708755,0.15124407410621643,18.791244506835938,0.0014086914015933871,0.003764563938602805,0.032180920243263245,region_perceptual_apple,4.721302390098572,0.099868044257164,0.09635544568300247,19.004533767700195,0.501599133014679,0.027043284848332405,0.03458845242857933,apple,right,0.04057878255844116,0.0902993306517601,22.897811889648438,1.0,0.018321949988603592,0.024332057684659958
14,S5b,0.11390777677297592,0.16514304280281067,21.840085983276367,0.03038330003619194,0.01139653380960226,0.025089703500270844,0.19500042498111725,0.3984218239784241,13.923474311828613,0.015169677324593067,0.01944674178957939,0.04412658140063286,,,,0.0,,,region_perceptual_apple,4.721302390098572,0.05000833421945572,0.13151134550571442,23.284725189208984,0.9848303198814392,0.011243470013141632,0.0170097928494215,apple,left,0.05094194784760475,0.1328020840883255,23.05633544921875,1.0,0.011296265758574009,0.01711241714656353
14,S5b,0.21709395945072174,0.23294389247894287,15.636996269226074,0.012789306230843067,0.008271685801446438,0.02792268432676792,0.09408090263605118,0.09662821888923645,22.95452117919922,0.44438230991363525,0.013838537968695164,0.018963566049933434,0.06511744111776352,0.14045311510562897,17.354167938232422,0.0010925292735919356,0.021340401843190193,0.03767536208033562,region_perceptual_apple,4.721302390098572,0.1665569543838501,0.09964467585086823,18.623855590820312,0.5556176900863647,0.030467437580227852,0.036756280809640884,apple,right,0.09687566012144089,0.09583596140146255,22.427217483520508,1.0,0.022680623456835747,0.02759474329650402
15,S5b,0.19959759712219238,0.24998807907104492,15.067163467407227,0.012763671576976776,0.01010893378406763,0.027157125994563103,0.17537252604961395,0.33032217621803284,13.348123550415039,0.02033081091940403,0.01664559729397297,0.04330337792634964,0.03962985426187515,0.1921665519475937,16.923274993896484,0.0010607909644022584,0.021561918780207634,0.03820938989520073,region_perceptual_apple,4.721302390098572,0.047691937536001205,0.10103414952754974,21.949459075927734,0.9796691536903381,0.02234182506799698,0.027726072818040848,apple,left,0.04832041636109352,0.10198843479156494,21.659164428710938,1.0,0.02228301391005516,0.02764386683702469
15,S5b,0.1505909413099289,0.18303407728672028,16.789649963378906,0.028933104127645493,0.011721215210855007,0.025068974122405052,0.051948271691799164,0.12502959370613098,23.152273178100586,0.5914672613143921,0.011938308365643024,0.018699122592806816,,,,0.0,,,region_perceptual_apple,4.721302390098572,0.2118869125843048,0.16277769207954407,14.149441719055176,0.4085327088832855,0.011241575703024864,0.019209975376725197,apple,right,0.06787269562482834,0.13587741553783417,20.482492446899414,1.0,0.010692967101931572,0.017223184928297997
16,S5b,0.20311900973320007,0.23517601191997528,15.254525184631348,0.012642822228372097,0.008305949158966541,0.026962505653500557,0.2535133957862854,0.28408193588256836,13.34543228149414,0.021599121391773224,0.015761271119117737,0.04245758429169655,0.04581518843770027,0.15412995219230652,16.13144874572754,0.0010314941173419356,0.017052756622433662,0.037916816771030426,region_perceptual_apple,4.721302390098572,0.05151376873254776,0.09513020515441895,22.117870330810547,0.9784008860588074,0.02234579250216484,0.027798503637313843,apple,left,0.05262678116559982,0.09594567865133286,21.855758666992188,1.0,0.02229226380586624,0.027716396376490593
16,S5b,0.1895562708377838,0.4139871895313263,13.430475234985352,0.03907470777630806,0.009256177581846714,0.026178602129220963,0.07171496748924255,0.20092244446277618,18.687776565551758,0.5430908203125,0.014179755002260208,0.020796125754714012,0.026962874457240105,0.34163355827331543,16.665607452392578,0.003988036885857582,0.008284235373139381,0.013759917579591274,region_perceptual_apple,4.721302390098572,0.12966176867485046,0.135658860206604,14.496420860290527,0.4569091796875,0.015995606780052185,0.02199443429708481,apple,right,0.07392072677612305,0.1620226949453354,18.298715591430664,1.0,0.013354228809475899,0.019515996798872948
17,S5b,0.15094734728336334,0.25457221269607544,15.749187469482422,0.012508545070886612,0.007390900515019894,0.027111122384667397,0.2363855093717575,0.38152948021888733,13.115029335021973,0.024644775316119194,0.010358639061450958,0.045598965138196945,0.06437556445598602,0.16492435336112976,15.958380699157715,0.0010510253487154841,0.013157322071492672,0.035187724977731705,region_perceptual_apple,4.721302390098572,0.04579352214932442,0.10188817977905273,22.47433853149414,0.9753552079200745,0.021695837378501892,0.02786913514137268,apple,left,0.04799487441778183,0.10371560603380203,22.071306228637695,1.0,0.02159019745886326,0.027770882472395897
17,S5b,0.20617181062698364,0.4290885031223297,13.610967636108398,0.03888794034719467,0.008976639248430729,0.026402601972222328,0.08370547741651535,0.2283596694469452,17.731712341308594,0.556835949420929,0.014083695597946644,0.02090279757976532,0.04643307626247406,0.42077529430389404,16.080867767333984,0.004071044735610485,0.006621742621064186,0.013267106376588345,region_perceptual_apple,4.721302390098572,0.17115309834480286,0.1473584771156311,14.132356643676758,0.44316405057907104,0.016425250098109245,0.022437678650021553,apple,right,0.08625208586454391,0.18197102844715118,17.523134231567383,1.0,0.013519671745598316,0.019619017839431763
18,S5b,0.12722498178482056,0.26000523567199707,15.668272972106934,0.014627684839069843,0.008203280158340931,0.02677694708108902,0.15947993099689484,0.3229799270629883,13.022769927978516,0.03294067457318306,0.012968415394425392,0.03472750633955002,0.10239186882972717,0.18887433409690857,16.018672943115234,0.0014672850957140326,0.0058175623416900635,0.03150089830160141,region_perceptual_apple,4.721302390098572,0.042216215282678604,0.10021577030420303,22.29018783569336,0.967059314250946,0.018366308882832527,0.02471582032740116,apple,left,0.04473885893821716,0.10306581109762192,21.547405242919922,1.0,0.018251366913318634,0.024614712223410606
18,S5b,0.13592198491096497,0.24368686974048615,16.1148624420166,0.012326659634709358,0.006986449472606182,0.028228847309947014,0.04854803532361984,0.10315944999456406,23.079036712646484,0.44953978061676025,0.012955095618963242,0.019167697057127953,0.09742674976587296,0.1837902069091797,16.437114715576172,0.0011486816219985485,0.013838517479598522,0.03431783244013786,region_perceptual_apple,4.721302390098572,0.08676476031541824,0.09694212675094604,20.16708755493164,0.5504602193832397,0.03011569380760193,0.037252504378557205,apple,right,0.048760998994112015,0.09603375941514969,22.980331420898438,1.0,0.022117694839835167,0.02781723625957966
19,S5b,0.14208610355854034,0.2865990102291107,15.148482322692871,0.014307861216366291,0.009150100871920586,0.03349577262997627,0.18435253202915192,0.3284202814102173,13.434924125671387,0.03423827886581421,0.012915803119540215,0.037130098789930344,0.14120665192604065,0.23262739181518555,14.248213768005371,0.0015148925594985485,0.007420658599585295,0.038132213056087494,region_perceptual_apple,4.721302390098572,0.043777186423540115,0.1020931527018547,22.759933471679688,0.9657617211341858,0.018328597769141197,0.024908922612667084,apple,left,0.046912286430597305,0.10528615862131119,22.00506019592285,1.0,0.0182196032255888,0.024806920439004898
19,S5b,0.2192009836435318,0.4453781545162201,14.359991073608398,0.03692626953125,0.007690729107707739,0.027286570519208908,0.08688592910766602,0.21439699828624725,17.600566864013672,0.5424560308456421,0.012612306512892246,0.01901071146130562,0.11886759102344513,0.45505115389823914,14.447168350219727,0.003879394382238388,0.0024792428594082594,0.015157368965446949,region_perceptual_apple,4.721302390098572,0.19402843713760376,0.1379622370004654,14.579935073852539,0.4575439393520355,0.016100043430924416,0.024275794625282288,apple,right,0.09300822764635086,0.17332227528095245,17.310707092285156,1.0,0.013003761880099773,0.019429216161370277
0,H4b,0.29018133878707886,0.4547897279262543,12.729007720947266,0.013856200501322746,0.004927582107484341,0.03736517205834389,0.27656012773513794,0.3935038149356842,14.238740921020508,0.04449829086661339,0.012729820795357227,0.03840305656194687,0.22241559624671936,0.2026311606168747,18.406661987304688,0.0034667968284338713,0.012372633442282677,0.02467477321624756,region_perceptual_apple,4.515441346168518,0.055601973086595535,0.13143011927604675,21.530742645263672,0.9555016756057739,0.012008615769445896,0.018902059644460678,apple,left,0.06198693811893463,0.13668392598628998,21.160594940185547,1.0,0.011795707046985626,0.018931802362203598
0,H4b,0.5115500688552856,0.45187756419181824,8.620530128479004,0.015867918729782104,0.017480555921792984,0.07790507376194,0.05200962349772453,0.1433020681142807,20.485994338989258,0.45782470703125,0.012733882293105125,0.01811322197318077,0.07073184102773666,0.2835546135902405,17.871719360351562,0.0015832518693059683,0.003926967270672321,0.01644650101661682,region_perceptual_apple,4.515441346168518,0.25291889905929565,0.16268473863601685,12.510775566101074,0.54217529296875,0.029539257287979126,0.03729696571826935,apple,right,0.08732829988002777,0.1470354199409485,17.3953800201416,1.0,0.021675415337085724,0.028419073671102524
1,H4b,0.21771155297756195,0.38141942024230957,14.245537757873535,0.02612914890050888,0.01322565134614706,0.032718054950237274,0.2881387174129486,0.49194270372390747,14.18825626373291,0.06748046725988388,0.005023720674216747,0.02775750868022442,0.28327250480651855,0.3636457324028015,14.56755542755127,0.0030651853885501623,0.012361709959805012,0.023345449939370155,region_perceptual_apple,4.515441346168518,0.10302901268005371,0.16831772029399872,18.66989517211914,0.9325194954872131,0.01180517952889204,0.018996315076947212,apple,left,0.11736898869276047,0.17909786105155945,18.305522918701172,1.0,0.011455885134637356,0.01885538548231125
1,H4b,0.0593479685485363,0.24517419934272766,16.064884185791016,0.03564453125,0.012898538261651993,0.028921352699398994,0.03165145963430405,0.12210771441459656,23.238313674926758,0.598925769329071,0.011699451133608818,0.017646122723817825,0.17903755605220795,0.5128139853477478,12.924266815185547,0.0028747557662427425,0.018895650282502174,0.025673262774944305,region_perceptual_apple,4.515441346168518,0.074222631752491,0.15032103657722473,16.32499885559082,0.40107420086860657,0.011774362996220589,0.01901077851653099,apple,right,0.03256237879395485,0.12627345323562622,22.293222427368164,1.0,0.010856912471354008,0.016742147505283356
2,H4b,0.4157457649707794,0.382712721824646,14.543405532836914,0.023536376655101776,0.015468530356884003,0.02677045203745365,0.33198991417884827,0.45988696813583374,14.494246482849121,0.09731078892946243,0.005160648841410875,0.023742401972413063,0.3516443967819214,0.37548667192459106,13.863201141357422,0.0029565428849309683,0.01310231164097786,0.023852422833442688,region_perceptual_apple,4.515441346168518,0.11702434718608856,0.16114754974842072,19.19468879699707,0.9026892185211182,0.012806115671992302,0.019629433751106262,apple,left,0.13788318634033203,0.1812010556459427,18.5091552734375,1.0,0.012083571404218674,0.01896505057811737
2,H4b,0.08385837078094482,0.2835128605365753,12.525981903076172,0.031523436307907104,0.015836501494050026,0.0349750779569149,0.03275015205144882,0.12479519098997116,22.84364891052246,0.6612280011177063,0.013277998194098473,0.01965230703353882,0.1945437490940094,0.4273960292339325,10.785144805908203,0.0036853025667369366,0.023584039881825447,0.03199757635593414,region_perceptual_apple,4.515441346168518,0.10203046351671219,0.14661608636379242,14.331069946289062,0.3387719690799713,0.025384938344359398,0.03654851019382477,apple,right,0.0365939699113369,0.12881100177764893,21.03866195678711,1.0,0.015862107276916504,0.023627813905477524
3,H4b,0.14927130937576294,0.32390761375427246,16.712724685668945,0.035358887165784836,0.008038930594921112,0.02565137669444084,0.23938103020191193,0.4109782576560974,13.632060050964355,0.05078491196036339,0.007989764213562012,0.030638130381703377,0.020851023495197296,0.1629040539264679,18.548402786254883,0.003055419772863388,0.008878620341420174,0.02371116727590561,region_perceptual_apple,4.515441346168518,0.056325074285268784,0.14427123963832855,19.988588333129883,0.9492150545120239,0.016561193391680717,0.0246079433709383,apple,left,0.06037837639451027,0.14924256503582,19.568273544311523,1.0,0.016329849138855934,0.024403976276516914
3,H4b,0.07811342924833298,0.10900375992059708,18.447586059570312,0.009061278775334358,0.03091791830956936,0.037329476326704025,0.06509804725646973,0.1920364499092102,20.45663070678711,0.4594689905643463,0.012994061224162579,0.019062602892518044,0.10307912528514862,0.28644058108329773,13.731001853942871,0.0006860351422801614,0.006069348659366369,0.04010139778256416,region_perceptual_apple,4.515441346168518,0.1537105143070221,0.12773366272449493,16.840368270874023,0.5405309796333313,0.008057319559156895,0.010038714855909348,apple,right,0.07602323591709137,0.15618936717510223,19.73058319091797,1.0,0.009106278419494629,0.012647535651922226
4,H4b,0.3743187487125397,0.2718948721885681,11.311144828796387,0.03449340909719467,0.019908785820007324,0.03871990367770195,0.3885488212108612,0.4173401892185211,12.522660255432129,0.0278173815459013,0.016515305265784264,0.03910014405846596,0.47349631786346436,0.4388570487499237,11.115961074829102,0.004721679724752903,0.01768660545349121,0.027704522013664246,region_perceptual_apple,4.515441346168518,0.05475816875696182,0.10693180561065674,20.960731506347656,0.97218257188797,0.01626487821340561,0.02329595945775509,apple,left,0.06204458698630333,0.11142566800117493,20.487621307373047,1.0,0.016263872385025024,0.023288914933800697
4,H4b,0.2952498197555542,0.38927870988845825,14.140182495117188,0.021715087816119194,0.014032017439603806,0.028404416516423225,0.0495399609208107,0.12266460061073303,22.733638763427734,0.584484875202179,0.012355790473520756,0.017328504472970963,0.28275632858276367,0.4317501485347748,13.180253982543945,0.0026513671036809683,0.012065269984304905,0.024438656866550446,region_perceptual_apple,4.515441346168518,0.27081793546676636,0.164621502161026,15.555761337280273,0.41551512479782104,0.015140450559556484,0.022740649059414864,apple,right,0.0798671618103981,0.13843406736850739,20.586055755615234,1.0,0.012388883158564568,0.018362971022725105
5,H4b,0.16185180842876434,0.2294291853904724,17.106185913085938,0.012252196669578552,0.010765246115624905,0.03705127537250519,0.2576445937156677,0.4613485336303711,13.233050346374512,0.021693114191293716,0.0056754848919808865,0.043209437280893326,0.04729047417640686,0.0885402038693428,18.77898406982422,0.0009252929594367743,0.037583548575639725,0.05604705587029457,region_perceptual_apple,4.515441346168518,0.0438053160905838,0.11980389058589935,21.94627571105957,0.9783068895339966,0.01070844940841198,0.015893589705228806,apple,left,0.04628926143050194,0.1215834766626358,21.594362258911133,1.0,0.010645979084074497,0.01603570580482483
5,H4b,0.20275643467903137,0.41647544503211975,16.5889949798584,0.015931395813822746,0.006009158678352833,0.02949182689189911,0.054413534700870514,0.12546880543231964,23.14471435546875,0.4923339784145355,0.012343928217887878,0.01954583078622818,0.010501713491976261,0.06637438386678696,19.613563537597656,0.0020019530784338713,0.04757943004369736,0.05976790189743042,region_perceptual_apple,4.515441346168518,0.1101231649518013,0.10517723113298416,19.34959602355957,0.5076659917831421,0.015031973831355572,0.019815664738416672,apple,right,0.05718175694346428,0.10939255356788635,22.749454498291016,1.0,0.012195349670946598,0.01735658198595047
6,H4b,0.4266800582408905,0.4040825068950653,12.462987899780273,0.036457519978284836,0.01300663873553276,0.04080412536859512,0.4034512937068939,0.47625264525413513,13.556819915771484,0.03197875991463661,0.009947793558239937,0.03428272157907486,0.22973906993865967,0.3753019869327545,18.032161712646484,0.0054125976748764515,0.0020040194503962994,0.022093193605542183,region_perceptual_apple,4.515441346168518,0.062098778784275055,0.14537878334522247,21.20122718811035,0.9680212140083313,0.010105984285473824,0.01655276119709015,apple,left,0.07221261411905289,0.1514110565185547,20.543174743652344,1.0,0.010034679435193539,0.016601454466581345
6,H4b,0.4926878809928894,0.37118837237358093,10.847000122070312,0.017165526747703552,0.014246009290218353,0.06439767777919769,0.05416589602828026,0.09297062456607819,22.99757194519043,0.4816626012325287,0.00890621729195118,0.0156102878972888,0.1629549264907837,0.21655870974063873,18.09414291381836,0.0022644042037427425,0.0039209327660501,0.029743460938334465,region_perceptual_apple,4.515441346168518,0.2742134630680084,0.1404307782649994,14.561361312866211,0.5183373689651489,0.025315597653388977,0.03624718636274338,apple,right,0.08426365256309509,0.11385297775268555,20.40846824645996,1.0,0.01737106963992119,0.02522691898047924
7,H4b,0.24467459321022034,0.24251334369182587,12.859444618225098,0.03060302697122097,0.020547375082969666,0.03529619053006172,0.1946367472410202,0.23592405021190643,13.63733196258545,0.031788330525159836,0.021890735253691673,0.03974537178874016,0.11387236416339874,0.224483460187912,17.154993057250977,0.0021813963539898396,0.016083640977740288,0.021434346213936806,region_perceptual_apple,4.515441346168518,0.054804153740406036,0.12521889805793762,19.636953353881836,0.9682116508483887,0.00943833775818348,0.01269784476608038,apple,left,0.057436536997556686,0.12634240090847015,19.42081069946289,1.0,0.009493406862020493,0.012846057303249836
7,H4b,0.19214574992656708,0.30347827076911926,14.391120910644531,0.03444213792681694,0.02458260767161846,0.0510791540145874,0.029589887708425522,0.10451570153236389,24.554046630859375,0.6329589486122131,0.012901181355118752,0.018475983291864395,0.1334022879600525,0.3134547173976898,16.812116622924805,0.004774169996380806,0.004554343409836292,0.01914849877357483,region_perceptual_apple,4.515441346168518,0.16542619466781616,0.17549189925193787,15.636458396911621,0.3670410215854645,0.03285491093993187,0.04121078550815582,apple,right,0.04550505056977272,0.12915204465389252,22.18590545654297,1.0,0.01892991177737713,0.024843763560056686
8,H4b,0.20456746220588684,0.3084290325641632,14.813989639282227,0.03602050617337227,0.011981752701103687,0.04380139708518982,0.27521756291389465,0.39491987228393555,13.7635498046875,0.0246130358427763,0.010463322512805462,0.04574495553970337,0.12280408293008804,0.2512844502925873,17.334434509277344,0.0028308103792369366,0.005065984092652798,0.020271005108952522,region_perceptual_apple,4.515441346168518,0.05785458907485008,0.15255947411060333,20.446990966796875,0.975386917591095,0.01084049791097641,0.018205249682068825,apple,left,0.062404606491327286,0.1550188660621643,20.16189956665039,1.0,0.010761367157101631,0.018374474719166756
8,H4b,0.12679781019687653,0.3075511157512665,13.290776252746582,0.02534179575741291,0.008659941144287586,0.036831606179475784,0.04043440520763397,0.11470722407102585,19.643814086914062,0.512951672077179,0.013921881094574928,0.02056543342769146,0.040713146328926086,0.26568254828453064,19.623336791992188,0.0023315430153161287,0.004640662111341953,0.016061406582593918,region_perceptual_apple,4.515441346168518,0.09665560722351074,0.134368896484375,15.381181716918945,0.48704832792282104,0.013309747911989689,0.019417041912674904,apple,right,0.04437572881579399,0.11853668838739395,19.084684371948242,1.0,0.012081287801265717,0.017230724915862083
9,H4b,0.19890521466732025,0.2860391139984131,13.61583137512207,0.029216308146715164,0.02404961548745632,0.05034611001610756,0.2504872679710388,0.4792274236679077,13.014240264892578,0.03616088628768921,0.00830890890210867,0.0333942286670208,0.1949397325515747,0.37792596220970154,14.796205520629883,0.0036071776412427425,0.006291147321462631,0.02391469106078148,region_perceptual_apple,4.515441346168518,0.04266225919127464,0.13812994956970215,22.037439346313477,0.9638391137123108,0.01757209189236164,0.024160509929060936,apple,left,0.048953160643577576,0.14411582052707672,21.328529357910156,1.0,0.0173982921987772,0.02403249777853489
9,H4b,0.1549074351787567,0.20026130974292755,15.24777889251709,0.029327392578125,0.02241515927016735,0.03543893247842789,0.05376105383038521,0.12575112283229828,20.93334197998047,0.500561535358429,0.014609765261411667,0.018834374845027924,0.08864738792181015,0.23744149506092072,16.545204162597656,0.0019738769624382257,0.018258940428495407,0.02254140004515648,region_perceptual_apple,4.515441346168518,0.1319187581539154,0.11292488127946854,16.49950408935547,0.49943846464157104,0.009106872603297234,0.010660987347364426,apple,right,0.05547025054693222,0.11459045112133026,20.712539672851562,1.0,0.010384640656411648,0.012843655422329903
10,H4b,0.2112308144569397,0.28564661741256714,16.148305892944336,0.015347899869084358,0.0064328499138355255,0.025068387389183044,0.22879809141159058,0.34863752126693726,14.076974868774414,0.022609863430261612,0.005000348202884197,0.037616580724716187,0.041542403399944305,0.13437320291996002,18.872783660888672,0.0013964843237772584,0.005828137043863535,0.033886462450027466,region_perceptual_apple,4.515441346168518,0.03703458234667778,0.09491308778524399,23.620548248291016,0.9773901104927063,0.01737753115594387,0.024471411481499672,apple,left,0.03909069672226906,0.09627359360456467,22.94747543334961,1.0,0.017251640558242798,0.024388428777456284
10,H4b,0.2240474820137024,0.25966569781303406,16.00582504272461,0.012789306230843067,0.007547876797616482,0.02792268432676792,0.04396315664052963,0.09545041620731354,24.151334762573242,0.44438230991363525,0.012677142396569252,0.018963566049933434,0.04220125451683998,0.16929283738136292,17.404441833496094,0.0010925292735919356,0.015659544616937637,0.03767536208033562,region_perceptual_apple,4.515441346168518,0.11968262493610382,0.10612069070339203,19.64308738708496,0.5556176900863647,0.02850751206278801,0.036756280809640884,apple,right,0.050454843789339066,0.09715458005666733,23.532283782958984,1.0,0.021096110343933105,0.02759474329650402
11,H4b,0.11426354199647903,0.20825594663619995,17.804996490478516,0.012246093712747097,0.02704888954758644,0.03709208592772484,0.28111085295677185,0.4554286301136017,12.826169967651367,0.07564575225114822,0.01024292316287756,0.027664076536893845,0.10112016648054123,0.30056458711624146,15.96187973022461,0.0006396484095603228,0.012895280495285988,0.04261915385723114,region_perceptual_apple,4.515441346168518,0.06970933079719543,0.15239135921001434,19.61432647705078,0.9243542551994324,0.010121042840182781,0.012382612563669682,apple,left,0.09081750363111496,0.1648138016462326,18.264577865600586,1.0,0.0100993812084198,0.012753810733556747
11,H4b,0.22239647805690765,0.5076866745948792,15.061049461364746,0.04602294787764549,0.00690716365352273,0.024944879114627838,0.10154728591442108,0.2612553834915161,18.99658966064453,0.654614269733429,0.009261857718229294,0.01867089793086052,0.028034495189785957,0.17362715303897858,22.925003051757812,0.006810302380472422,0.017183883115649223,0.02101798914372921,region_perceptual_apple,4.515441346168518,0.1904611736536026,0.1959126740694046,14.475624084472656,0.34538573026657104,0.015268770977854729,0.024086374789476395,apple,right,0.10614291578531265,0.22502131760120392,18.388198852539062,1.0,0.010429737158119678,0.019392067566514015
12,H4b,0.1734214872121811,0.30528131127357483,16.45831871032715,0.012785644270479679,0.008360852487385273,0.029985714703798294,0.19035837054252625,0.3673076033592224,13.942761421203613,0.013536376878619194,0.007006955798715353,0.04102010652422905,0.032803308218717575,0.1746639460325241,17.833847045898438,0.0011279296595603228,0.014381881803274155,0.0348619669675827,region_perceptual_apple,4.515441346168518,0.02960803546011448,0.09755032509565353,22.87259864807129,0.9864636063575745,0.021382620558142662,0.027574051171541214,apple,left,0.030145946890115738,0.09823118150234222,22.691268920898438,1.0,0.02131039835512638,0.02752603031694889
12,H4b,0.06969110667705536,0.17448438704013824,18.573949813842773,0.03315551578998566,0.01055718120187521,0.024998638778924942,0.025871548801660538,0.1027429923415184,24.66428565979004,0.5914672613143921,0.012179889716207981,0.01826881803572178,,,,0.0,,,region_perceptual_apple,4.515441346168518,0.11046165972948074,0.13954783976078033,16.6398983001709,0.4085327088832855,0.0108251441270113,0.019051626324653625,apple,right,0.03316202759742737,0.11430879682302475,22.694265365600586,1.0,0.01067353691905737,0.01683002896606922
13,H4b,0.22212080657482147,0.28878653049468994,16.24541473388672,0.012784423306584358,0.008272222243249416,0.028936227783560753,0.2093690186738968,0.3549288213253021,14.83969497680664,0.015777587890625,0.006319571286439896,0.042111095041036606,0.03488292172551155,0.1981932669878006,17.45490837097168,0.0011120605049654841,0.01686461642384529,0.03600548952817917,region_perceptual_apple,4.515441346168518,0.0337761752307415,0.09386555850505829,23.44142723083496,0.984222412109375,0.02129894308745861,0.027611220255494118,apple,left,0.03464445844292641,0.09459611773490906,23.284584045410156,1.0,0.0212137121707201,0.027554798871278763
13,H4b,0.21170534193515778,0.24728834629058838,16.293058395385742,0.015305175445973873,0.007887374609708786,0.025419829413294792,0.03257521986961365,0.08581575006246567,24.325889587402344,0.49840086698532104,0.009927143342792988,0.01617143675684929,0.03238944336771965,0.1348244845867157,19.861003875732422,0.0014086914015933871,0.0068460083566606045,0.032180920243263245,region_perceptual_apple,4.515441346168518,0.1155925989151001,0.09612623602151871,19.501096725463867,0.501599133014679,0.025940224528312683,0.03458845242857933,apple,right,0.03920602425932884,0.08712264895439148,23.661298751831055,1.0,0.017533475533127785,0.024332057684659958
14,H4b,0.17189177870750427,0.15646874904632568,17.354084014892578,0.03038330003619194,0.011809163726866245,0.025089703500270844,0.3890143036842346,0.44110968708992004,13.893938064575195,0.015169677324593067,0.013287796638906002,0.04412658140063286,,,,0.0,,,region_perceptual_apple,4.515441346168518,0.053875066339969635,0.12478871643543243,21.58187484741211,0.9848303198814392,0.011053151451051235,0.0170097928494215,apple,left,0.056055840104818344,0.12634089589118958,21.412521362304688,1.0,0.011055615730583668,0.01711241714656353
14,H4b,0.20065096020698547,0.25966569781303406,16.734699249267578,0.012789306230843067,0.007547876797616482,0.02792268432676792,0.06783576309680939,0.09545041620731354,24.672319412231445,0.44438230991363525,0.012677142396569252,0.018963566049933434,0.06389036029577255,0.16929283738136292,17.404441833496094,0.0010925292735919356,0.015659544616937637,0.03767536208033562,region_perceptual_apple,4.515441346168518,0.12704752385616302,0.10612069070339203,20.68230628967285,0.5556176900863647,0.02850751206278801,0.036756280809640884,apple,right,0.07103382050991058,0.09715458005666733,24.237442016601562,1.0,0.021096110343933105,0.02759474329650402
15,H4b,0.2825234532356262,0.2695561349391937,16.14352798461914,0.012763671576976776,0.007715211249887943,0.027157125994563103,0.2182512730360031,0.34537196159362793,14.693553924560547,0.02033081091940403,0.008290926925837994,0.04330337792634964,0.03684837743639946,0.20242607593536377,17.005794525146484,0.0010607909644022584,0.019727474078536034,0.03820938989520073,region_perceptual_apple,4.515441346168518,0.04144982248544693,0.09762389957904816,23.328630447387695,0.9796691536903381,0.02139836736023426,0.027726072818040848,apple,left,0.0425264798104763,0.09870205074548721,23.060482025146484,1.0,0.021282680332660675,0.02764386683702469
15,H4b,0.1312693953514099,0.1606561243534088,17.186660766601562,0.028933104127645493,0.01178702712059021,0.025068974122405052,0.030345791950821877,0.11277741938829422,23.999603271484375,0.5914672613143921,0.012181248515844345,0.018699122592806816,,,,0.0,,,region_perceptual_apple,4.515441346168518,0.18714050948619843,0.1616528034210205,14.563819885253906,0.4085327088832855,0.010854523628950119,0.019209975376725197,apple,right,0.046886857599020004,0.1284944713115692,21.060546875,1.0,0.010680841282010078,0.017223184928297997
16,H4b,0.23355552554130554,0.2696368396282196,15.83050537109375,0.012642822228372097,0.007048949599266052,0.026962505653500557,0.28532934188842773,0.35852259397506714,13.814241409301758,0.021599121391773224,0.007339158561080694,0.04245758429169655,0.04160701856017113,0.20478488504886627,16.696022033691406,0.0010314941173419356,0.014202072285115719,0.037916816771030426,region_perceptual_apple,4.515441346168518,0.044185616075992584,0.09626626968383789,22.881481170654297,0.9784008860588074,0.02139337919652462,0.027798503637313843,apple,left,0.0460079088807106,0.09740149229764938,22.547393798828125,1.0,0.021282663568854332,0.027716396376490593
16,H4b,0.16003301739692688,0.41469401121139526,13.974514961242676,0.03907470777630806,0.007617177441716194,0.026178602129220963,0.049337200820446014,0.20383796095848083,19.59836769104004,0.5430908203125,0.011258048005402088,0.020796125754714012,0.01998460851609707,0.33289089798927307,17.69843864440918,0.003988036885857582,0.004936000797897577,0.013759917579591274,region_perceptual_apple,4.515441346168518,0.10432567447423935,0.13890019059181213,15.290775299072266,0.4569091796875,0.014242610894143581,0.02199443429708481,apple,right,0.05132265388965607,0.16439253091812134,19.148080825805664,1.0,0.011371460743248463,0.019515996798872948
17,H4b,0.16705062985420227,0.265729159116745,16.178749084472656,0.012508545070886612,0.007139751221984625,0.027111122384667397,0.3456874191761017,0.4034706652164459,12.548151016235352,0.024644775316119194,0.00612638657912612,0.045598965138196945,0.053092096000909805,0.1779581606388092,16.864429473876953,0.0010510253487154841,0.009592860005795956,0.035187724977731705,region_perceptual_apple,4.515441346168518,0.04195084050297737,0.09936536848545074,22.458593368530273,0.9753552079200745,0.021389232948422432,0.02786913514137268,apple,left,0.04723630100488663,0.10136682540178299,21.802688598632812,1.0,0.021227389574050903,0.027770882472395897
17,H4b,0.1284828782081604,0.45358777046203613,14.761194229125977,0.03888794034719467,0.00528858695179224,0.026402601972222328,0.05580350384116173,0.2253553867340088,19.32613182067871,0.556835949420929,0.009930628351867199,0.02090279757976532,0.03074187971651554,0.3586592376232147,17.596088409423828,0.004071044735610485,0.0035925235133618116,0.013267106376588345,region_perceptual_apple,4.515441346168518,0.10679439455270767,0.15042716264724731,16.11039924621582,0.44316405057907104,0.01374725066125393,0.022437678650021553,apple,right,0.05718732625246048,0.18085063993930817,19.167325973510742,1.0,0.010589906014502048,0.019619017839431763
18,H4b,0.1411481499671936,0.310244619846344,15.91712474822998,0.014627684839069843,0.006298384163528681,0.02677694708108902,0.2572903633117676,0.3759881854057312,12.971663475036621,0.03294067457318306,0.007110766600817442,0.03472750633955002,0.10575460642576218,0.21579593420028687,16.66896629333496,0.0014672850957140326,0.005724615883082151,0.03150089830160141,region_perceptual_apple,4.515441346168518,0.04387042298913002,0.09887753427028656,21.69957733154297,0.967059314250946,0.017500005662441254,0.02471582032740116,apple,left,0.04771219193935394,0.10267574340105057,21.14188003540039,1.0,0.017300542443990707,0.024614712223410606
18,H4b,0.14229755103588104,0.2837710678577423,16.646617889404297,0.012326659634709358,0.007421374786645174,0.028228847309947014,0.043430011719465256,0.0978030189871788,23.7213134765625,0.44953978061676025,0.01229306124150753,0.019167697057127953,0.11918441206216812,0.21302679181098938,17.434362411499023,0.0011486816219985485,0.008127378299832344,0.03431783244013786,region_perceptual_apple,4.515441346168518,0.10576372593641281,0.0994211882352829,19.996728897094727,0.5504602193832397,0.02858550474047661,0.037252504378557205,apple,right,0.04510693624615669,0.09410444647073746,23.557037353515625,1.0,0.02090776339173317,0.02781723625957966
19,H4b,0.18072327971458435,0.30812880396842957,15.18751335144043,0.014307861216366291,0.006844851654022932,0.03349577262997627,0.26850172877311707,0.36768123507499695,12.828444480895996,0.03423827886581421,0.006673009600490332,0.037130098789930344,0.15993085503578186,0.23548921942710876,15.684633255004883,0.0015148925594985485,0.007112401537597179,0.038132213056087494,region_perceptual_apple,4.515441346168518,0.04787622392177582,0.10268960148096085,21.095420837402344,0.9657617211341858,0.01732139103114605,0.024908922612667084,apple,left,0.052561406046152115,0.10649468004703522,20.552942276000977,1.0,0.017115652561187744,0.024806920439004898
19,H4b,0.1134103462100029,0.4928014874458313,15.180360794067383,0.03692626953125,0.005803001578897238,0.027286570519208908,0.05917605385184288,0.22635111212730408,19.06316375732422,0.5424560308456421,0.00959166418761015,0.01901071146130562,0.11334501206874847,0.4666537344455719,15.77509880065918,0.003879394382238388,0.0011143636656925082,0.015157368965446949,region_perceptual_apple,4.515441346168518,0.1464158296585083,0.1392742395401001,15.40941047668457,0.4575439393520355,0.014590411446988583,0.024275794625282288,apple,right,0.06492587178945541,0.17993026971817017,18.644329071044922,1.0,0.010924271307885647,0.019429216161370277
