AbsRel,AbsRel_L,AbsRel_R,LPIPS,PSNR,batch,config,run,s_per_gen_eval_harness,sharp,task,view
0.06829556077718735,0.06829556077718735,,0.12427914142608643,19.79554557800293,0,T25,precise_6a_final60,24.920854971806207,0.012070391327142715,apple,left
0.09365631639957428,,0.09365631639957428,0.14327925443649292,17.60972785949707,0,T25,precise_6a_final60,24.920854971806207,0.018229050561785698,apple,right
0.13254167139530182,0.13254167139530182,,0.16669109463691711,18.670154571533203,1,T25,precise_6a_final60,24.920854971806207,0.011677535250782967,apple,left
0.035332728177309036,,0.035332728177309036,0.1280522495508194,20.568553924560547,1,T25,precise_6a_final60,24.920854971806207,0.00908167939633131,apple,right
0.17294447124004364,0.17294447124004364,,0.17097380757331848,18.267578125,2,T25,precise_6a_final60,24.920854971806207,0.011256358586251736,apple,left
0.06661871820688248,,0.06661871820688248,0.12465019524097443,19.603469848632812,2,T25,precise_6a_final60,24.920854971806207,0.015149086713790894,apple,right
0.04891962930560112,0.04891962930560112,,0.13181322813034058,18.896129608154297,3,T25,precise_6a_final60,24.920854971806207,0.014327803626656532,apple,left
0.07890679687261581,,0.07890679687261581,0.1372329294681549,21.311756134033203,3,T25,precise_6a_final60,24.920854971806207,0.008685787208378315,apple,right
0.0635330006480217,0.0635330006480217,,0.11302127689123154,19.43311882019043,4,T25,precise_6a_final60,24.920854971806207,0.015113688074052334,apple,left
0.07568608969449997,,0.07568608969449997,0.13068066537380219,20.80959701538086,4,T25,precise_6a_final60,24.920854971806207,0.011614738963544369,apple,right
0.04920467361807823,0.04920467361807823,,0.1066967248916626,22.64112091064453,5,T25,precise_6a_final60,24.920854971806207,0.009773737750947475,apple,left
0.07312428206205368,,0.07312428206205368,0.08474333584308624,22.84206199645996,5,T25,precise_6a_final60,24.920854971806207,0.011908221058547497,apple,right
0.10148517042398453,0.10148517042398453,,0.13399305939674377,19.86165428161621,6,T25,precise_6a_final60,24.920854971806207,0.008186266757547855,apple,left
0.05456388369202614,,0.05456388369202614,0.1077185794711113,19.69851303100586,6,T25,precise_6a_final60,24.920854971806207,0.015060468576848507,apple,right
0.0495433434844017,0.0495433434844017,,0.12299080193042755,20.12120246887207,7,T25,precise_6a_final60,24.920854971806207,0.009064883925020695,apple,left
0.0655728206038475,,0.0655728206038475,0.1164330393075943,20.689922332763672,7,T25,precise_6a_final60,24.920854971806207,0.016577808186411858,apple,right
0.06959819793701172,0.06959819793701172,,0.13148002326488495,20.430152893066406,8,T25,precise_6a_final60,24.920854971806207,0.008835561573505402,apple,left
0.047319911420345306,,0.047319911420345306,0.09495493024587631,20.47117042541504,8,T25,precise_6a_final60,24.920854971806207,0.011756009422242641,apple,right
0.04730585590004921,0.04730585590004921,,0.13058972358703613,18.795408248901367,9,T25,precise_6a_final60,24.920854971806207,0.015862559899687767,apple,left
0.053459685295820236,,0.053459685295820236,0.10749232769012451,21.359460830688477,9,T25,precise_6a_final60,24.920854971806207,0.00978891085833311,apple,right
0.04630456119775772,0.04630456119775772,,0.08569760620594025,22.21885871887207,10,T25,precise_6a_final60,24.920854971806207,0.014885753393173218,apple,left
0.03849312290549278,,0.03849312290549278,0.08197887986898422,22.403581619262695,10,T25,precise_6a_final60,24.920854971806207,0.018417729064822197,apple,right
0.0914301946759224,0.0914301946759224,,0.15906716883182526,20.414867401123047,11,T25,precise_6a_final60,24.920854971806207,0.008662177249789238,apple,left
0.09976039081811905,,0.09976039081811905,0.20287127792835236,17.471946716308594,11,T25,precise_6a_final60,24.920854971806207,0.011028498411178589,apple,right
0.036961693316698074,0.036961693316698074,,0.07881230115890503,22.92047691345215,12,T25,precise_6a_final60,24.920854971806207,0.018848789855837822,apple,left
0.0707547515630722,,0.0707547515630722,0.10355112701654434,21.777259826660156,12,T25,precise_6a_final60,24.920854971806207,0.009322131983935833,apple,right
0.03857817500829697,0.03857817500829697,,0.08401355892419815,22.24596405029297,13,T25,precise_6a_final60,24.920854971806207,0.018834637477993965,apple,left
0.04687141254544258,,0.04687141254544258,0.08182211220264435,22.99635124206543,13,T25,precise_6a_final60,24.920854971806207,0.01487684901803732,apple,right
0.067071832716465,0.067071832716465,,0.12212562561035156,20.66644859313965,14,T25,precise_6a_final60,24.920854971806207,0.008502930402755737,apple,left
0.08647220581769943,,0.08647220581769943,0.08197887986898422,22.403581619262695,14,T25,precise_6a_final60,24.920854971806207,0.018417729064822197,apple,right
0.044446852058172226,0.044446852058172226,,0.09213866293430328,21.549348831176758,15,T25,precise_6a_final60,24.920854971806207,0.018849043175578117,apple,left
0.07925233244895935,,0.07925233244895935,0.12445362657308578,19.9779109954834,15,T25,precise_6a_final60,24.920854971806207,0.009323212318122387,apple,right
0.04613662511110306,0.04613662511110306,,0.08816774934530258,21.54470443725586,16,T25,precise_6a_final60,24.920854971806207,0.019124260172247887,apple,left
0.07168499380350113,,0.07168499380350113,0.15300743281841278,19.152450561523438,16,T25,precise_6a_final60,24.920854971806207,0.011742637492716312,apple,right
0.04623189941048622,0.04623189941048622,,0.08796373754739761,21.478662490844727,17,T25,precise_6a_final60,24.920854971806207,0.018912341445684433,apple,left
0.07217039912939072,,0.07217039912939072,0.16958776116371155,18.524578094482422,17,T25,precise_6a_final60,24.920854971806207,0.011760084889829159,apple,right
0.060302734375,0.060302734375,,0.08791527897119522,21.79433822631836,18,T25,precise_6a_final60,24.920854971806207,0.015174034051597118,apple,left
0.03218640387058258,,0.03218640387058258,0.07800187170505524,22.50615882873535,18,T25,precise_6a_final60,24.920854971806207,0.018633892759680748,apple,right
0.06554318964481354,0.06554318964481354,,0.08872425556182861,21.52886962890625,19,T25,precise_6a_final60,24.920854971806207,0.015080769546329975,apple,left
0.06828636676073074,,0.06828636676073074,0.15807531774044037,19.237451553344727,19,T25,precise_6a_final60,24.920854971806207,0.011538169346749783,apple,right
0.10126738250255585,0.10126738250255585,,0.1525047868490219,19.234649658203125,20,T25,precise_6a_final60,24.920854971806207,0.011234854348003864,apple,left
0.0326140895485878,,0.0326140895485878,0.12043116241693497,20.709951400756836,20,T25,precise_6a_final60,24.920854971806207,0.009427464567124844,apple,right
0.10329517722129822,0.10329517722129822,,0.14984667301177979,19.31775665283203,21,T25,precise_6a_final60,24.920854971806207,0.011429808102548122,apple,left
0.03259513899683952,,0.03259513899683952,0.11482900381088257,21.218767166137695,21,T25,precise_6a_final60,24.920854971806207,0.008772923611104488,apple,right
0.05520673468708992,0.05520673468708992,,0.09428998082876205,20.814945220947266,22,T25,precise_6a_final60,24.920854971806207,0.019306624308228493,apple,left
0.07548198848962784,,0.07548198848962784,0.13474181294441223,19.890499114990234,22,T25,precise_6a_final60,24.920854971806207,0.009629284031689167,apple,right
0.05759333446621895,0.05759333446621895,,0.09747575968503952,20.654014587402344,23,T25,precise_6a_final60,24.920854971806207,0.019191507250070572,apple,left
0.06719780713319778,,0.06719780713319778,0.10553913563489914,20.436702728271484,23,T25,precise_6a_final60,24.920854971806207,0.015298346988856792,apple,right
0.05911099538207054,0.05911099538207054,,0.10646350681781769,22.199512481689453,24,T25,precise_6a_final60,24.920854971806207,0.008519657887518406,apple,left
0.07972429692745209,,0.07972429692745209,0.17080552875995636,18.5135555267334,24,T25,precise_6a_final60,24.920854971806207,0.011920983903110027,apple,right
0.056090909987688065,0.056090909987688065,,0.10660660266876221,20.14556121826172,25,T25,precise_6a_final60,24.920854971806207,0.015191763639450073,apple,left
0.06633279472589493,,0.06633279472589493,0.15839771926403046,18.889984130859375,25,T25,precise_6a_final60,24.920854971806207,0.011271864175796509,apple,right
0.061080463230609894,0.061080463230609894,,0.10939643532037735,20.119800567626953,26,T25,precise_6a_final60,24.920854971806207,0.015111112967133522,apple,left
0.04983716085553169,,0.04983716085553169,0.12649869918823242,20.387163162231445,26,T25,precise_6a_final60,24.920854971806207,0.008825190365314484,apple,right
0.07446156442165375,0.07446156442165375,,0.11438810080289841,19.82848358154297,27,T25,precise_6a_final60,24.920854971806207,0.015029839240014553,apple,left
0.03348040208220482,,0.03348040208220482,0.10416235029697418,20.406492233276367,27,T25,precise_6a_final60,24.920854971806207,0.01857614703476429,apple,right
0.06420033425092697,0.06420033425092697,,0.10928992182016373,22.48041343688965,28,T25,precise_6a_final60,24.920854971806207,0.007838874123990536,apple,left
0.07284935563802719,,0.07284935563802719,0.0857587456703186,21.11994171142578,28,T25,precise_6a_final60,24.920854971806207,0.01855839043855667,apple,right
0.057947367429733276,0.057947367429733276,,0.11088275909423828,21.92123031616211,29,T25,precise_6a_final60,24.920854971806207,0.008123583160340786,apple,left
0.0467984713613987,,0.0467984713613987,0.08796094357967377,20.497045516967773,29,T25,precise_6a_final60,24.920854971806207,0.015131764113903046,apple,right
0.08607358485460281,0.08607358485460281,,0.12872906029224396,20.07769775390625,30,T25,precise_6a_final60,24.920854971806207,0.011010104790329933,apple,left
0.03173356130719185,,0.03173356130719185,0.12641678750514984,20.741710662841797,30,T25,precise_6a_final60,24.920854971806207,0.008587847463786602,apple,right
0.047974925488233566,0.047974925488233566,,0.09308202564716339,20.935773849487305,31,T25,precise_6a_final60,24.920854971806207,0.01894534006714821,apple,left
0.053689148277044296,,0.053689148277044296,0.09261293709278107,20.47808074951172,31,T25,precise_6a_final60,24.920854971806207,0.015570196323096752,apple,right
0.05255001038312912,0.05255001038312912,,0.09860949218273163,20.645780563354492,32,T25,precise_6a_final60,24.920854971806207,0.01871674694120884,apple,left
0.05174604058265686,,0.05174604058265686,0.1318201869726181,19.883543014526367,32,T25,precise_6a_final60,24.920854971806207,0.011693056672811508,apple,right
0.10626566410064697,0.10626566410064697,,0.14503803849220276,19.806276321411133,33,T25,precise_6a_final60,24.920854971806207,0.007970168255269527,apple,left
0.052581530064344406,,0.052581530064344406,0.13398919999599457,19.880420684814453,33,T25,precise_6a_final60,24.920854971806207,0.011404477059841156,apple,right
0.10148517042398453,0.10148517042398453,,0.13407130539417267,19.904376983642578,34,T25,precise_6a_final60,24.920854971806207,0.008010688237845898,apple,left
0.05131665617227554,,0.05131665617227554,0.11570563167333603,20.89307975769043,34,T25,precise_6a_final60,24.920854971806207,0.011360070668160915,apple,right
0.08219373971223831,0.08219373971223831,,0.11844941228628159,19.11345672607422,35,T25,precise_6a_final60,24.920854971806207,0.019115624949336052,apple,left
0.05519920215010643,,0.05519920215010643,0.12452142685651779,20.059795379638672,35,T25,precise_6a_final60,24.920854971806207,0.011241252534091473,apple,right
0.08031909912824631,0.08031909912824631,,0.1315995454788208,18.299274444580078,36,T25,precise_6a_final60,24.920854971806207,0.018814196810126305,apple,left
0.06876939535140991,,0.06876939535140991,0.14779917895793915,19.406892776489258,36,T25,precise_6a_final60,24.920854971806207,0.008408802561461926,apple,right
0.0841727927327156,0.0841727927327156,,0.13981162011623383,17.848466873168945,37,T25,precise_6a_final60,24.920854971806207,0.018756482750177383,apple,left
0.09143748134374619,,0.09143748134374619,0.1388406604528427,17.648876190185547,37,T25,precise_6a_final60,24.920854971806207,0.015080762095749378,apple,right
0.08591650426387787,0.08591650426387787,,0.14488887786865234,17.64798927307129,38,T25,precise_6a_final60,24.920854971806207,0.01862300932407379,apple,left
0.0498008169233799,,0.0498008169233799,0.13046398758888245,19.817066192626953,38,T25,precise_6a_final60,24.920854971806207,0.01215909980237484,apple,right
0.08304651826620102,0.08304651826620102,,0.12491299957036972,17.881206512451172,39,T25,precise_6a_final60,24.920854971806207,0.019372379407286644,apple,left
0.06802772730588913,,0.06802772730588913,0.15798427164554596,18.62936782836914,39,T25,precise_6a_final60,24.920854971806207,0.008670875802636147,apple,right
0.08989331871271133,0.08989331871271133,,0.12769508361816406,17.297033309936523,40,T25,precise_6a_final60,24.920854971806207,0.01531887799501419,apple,left
0.05901273712515831,,0.05901273712515831,0.15358634293079376,18.94651985168457,40,T25,precise_6a_final60,24.920854971806207,0.009810971096158028,apple,right
0.07492844015359879,0.07492844015359879,,0.13038912415504456,20.552562713623047,41,T25,precise_6a_final60,24.920854971806207,0.00869792141020298,apple,left
0.0633636936545372,,0.0633636936545372,0.0961732417345047,20.5806884765625,41,T25,precise_6a_final60,24.920854971806207,0.019227853044867516,apple,right
0.05761716887354851,0.05761716887354851,,0.10573752224445343,20.51800537109375,42,T25,precise_6a_final60,24.920854971806207,0.016090726479887962,apple,left
0.045429207384586334,,0.045429207384586334,0.16188327968120575,19.081642150878906,42,T25,precise_6a_final60,24.920854971806207,0.008485067635774612,apple,right
0.06186256930232048,0.06186256930232048,,0.10015808790922165,21.52667236328125,43,T25,precise_6a_final60,24.920854971806207,0.01620875671505928,apple,left
0.038464706391096115,,0.038464706391096115,0.09929677098989487,20.878376007080078,43,T25,precise_6a_final60,24.920854971806207,0.018483152613043785,apple,right
0.051182448863983154,0.051182448863983154,,0.09535356611013412,22.083221435546875,44,T25,precise_6a_final60,24.920854971806207,0.015913207083940506,apple,left
0.028339272364974022,,0.028339272364974022,0.0871523842215538,21.994613647460938,44,T25,precise_6a_final60,24.920854971806207,0.013150835409760475,apple,right
0.07838861644268036,0.07838861644268036,,0.13618628680706024,18.164302825927734,45,T25,precise_6a_final60,24.920854971806207,0.015986235812306404,apple,left
0.12384030967950821,,0.12384030967950821,0.15816131234169006,19.333179473876953,45,T25,precise_6a_final60,24.920854971806207,0.007655738387256861,apple,right
0.05851525440812111,0.05851525440812111,,0.10470880568027496,20.585840225219727,46,T25,precise_6a_final60,24.920854971806207,0.008160135708749294,apple,left
0.03885331004858017,,0.03885331004858017,0.09535487741231918,21.346881866455078,46,T25,precise_6a_final60,24.920854971806207,0.012883404269814491,apple,right
0.10992567986249924,0.10992567986249924,,0.13927452266216278,19.768068313598633,47,T25,precise_6a_final60,24.920854971806207,0.011506296694278717,apple,left
0.16233716905117035,,0.16233716905117035,0.17019955813884735,18.590343475341797,47,T25,precise_6a_final60,24.920854971806207,0.009015158750116825,apple,right
0.047722265124320984,0.047722265124320984,,0.08382053673267365,21.31048011779785,48,T25,precise_6a_final60,24.920854971806207,0.01091440673917532,apple,left
0.06104099377989769,,0.06104099377989769,0.1296556144952774,20.87787437438965,48,T25,precise_6a_final60,24.920854971806207,0.009137335233390331,apple,right
0.2672666907310486,0.2672666907310486,,0.22432994842529297,16.35100746154785,49,T25,precise_6a_final60,24.920854971806207,0.009641574695706367,apple,left
0.04300707206130028,,0.04300707206130028,0.10924070328474045,22.65702247619629,49,T25,precise_6a_final60,24.920854971806207,0.009341518394649029,apple,right
0.04920467361807823,0.04920467361807823,,0.10714247077703476,23.005664825439453,50,T25,precise_6a_final60,24.920854971806207,0.009613428264856339,apple,left
0.08223643898963928,,0.08223643898963928,0.11169326305389404,21.1171817779541,50,T25,precise_6a_final60,24.920854971806207,0.010348242707550526,apple,right
0.3016190528869629,0.3016190528869629,,0.22326670587062836,16.487323760986328,51,T25,precise_6a_final60,24.920854971806207,0.009638897143304348,apple,left
0.03365333378314972,,0.03365333378314972,0.12435771524906158,20.163869857788086,51,T25,precise_6a_final60,24.920854971806207,0.010348242707550526,apple,right
0.06895367801189423,0.06895367801189423,,0.09870970249176025,21.646163940429688,52,T25,precise_6a_final60,24.920854971806207,0.012024267576634884,apple,left
0.07522288709878922,,0.07522288709878922,0.1353902518749237,19.485496520996094,52,T25,precise_6a_final60,24.920854971806207,0.010349104180932045,apple,right
0.06522316485643387,0.06522316485643387,,0.12564286589622498,20.15134620666504,53,T25,precise_6a_final60,24.920854971806207,0.009993419982492924,apple,left
0.03656907379627228,,0.03656907379627228,0.11853208392858505,21.652734756469727,53,T25,precise_6a_final60,24.920854971806207,0.009838283061981201,apple,right
0.04721889644861221,0.04721889644861221,,0.11291145533323288,22.08774757385254,54,T25,precise_6a_final60,24.920854971806207,0.009974967688322067,apple,left
0.07953707873821259,,0.07953707873821259,0.09363991022109985,21.983856201171875,54,T25,precise_6a_final60,24.920854971806207,0.012203524820506573,apple,right
0.06026291474699974,0.06026291474699974,,0.0884941816329956,22.064594268798828,55,T25,precise_6a_final60,24.920854971806207,0.012406857684254646,apple,left
0.05976654589176178,,0.05976654589176178,0.11811671406030655,21.74148178100586,55,T25,precise_6a_final60,24.920854971806207,0.009755194187164307,apple,right
0.22988228499889374,0.22988228499889374,,0.2287459373474121,15.983068466186523,56,T25,precise_6a_final60,24.920854971806207,0.008985958062112331,apple,left
0.03895941004157066,,0.03895941004157066,0.11690467596054077,22.041799545288086,56,T25,precise_6a_final60,24.920854971806207,0.010493393056094646,apple,right
0.31641364097595215,0.31641364097595215,,0.20092526078224182,17.516891479492188,57,T25,precise_6a_final60,24.920854971806207,0.008768710307776928,apple,left
0.11097388714551926,,0.11097388714551926,0.0873454138636589,21.929636001586914,57,T25,precise_6a_final60,24.920854971806207,0.012502401135861874,apple,right
0.04545273631811142,0.04545273631811142,,0.11188318580389023,22.215713500976562,58,T25,precise_6a_final60,24.920854971806207,0.0097787631675601,apple,left
0.0688989982008934,,0.0688989982008934,0.12722639739513397,20.776668548583984,58,T25,precise_6a_final60,24.920854971806207,0.011033996008336544,apple,right
0.04662449285387993,0.04662449285387993,,0.1280946582555771,20.639022827148438,59,T25,precise_6a_final60,24.920854971806207,0.01070317905396223,apple,left
0.03442023694515228,,0.03442023694515228,0.11460264772176743,22.45293617248535,59,T25,precise_6a_final60,24.920854971806207,0.009928048588335514,apple,right
0.09142635762691498,0.09142635762691498,,0.14431734383106232,19.67928695678711,0,S3b,precise_6a_final60,4.403372786442438,0.012299439869821072,apple,left
0.11741499602794647,,0.11741499602794647,0.14152412116527557,18.101346969604492,0,S3b,precise_6a_final60,4.403372786442438,0.020612038671970367,apple,right
0.12683166563510895,0.12683166563510895,,0.18490153551101685,18.53782844543457,1,S3b,precise_6a_final60,4.403372786442438,0.011243308894336224,apple,left
0.05808763951063156,,0.05808763951063156,0.12969031929969788,21.47182273864746,1,S3b,precise_6a_final60,4.403372786442438,0.008448819629848003,apple,right
0.12952306866645813,0.12952306866645813,,0.1909409761428833,18.48516082763672,2,S3b,precise_6a_final60,4.403372786442438,0.011145355179905891,apple,left
0.07223927229642868,,0.07223927229642868,0.12930189073085785,19.572954177856445,2,S3b,precise_6a_final60,4.403372786442438,0.014313600026071072,apple,right
0.09939520806074142,0.09939520806074142,,0.16387838125228882,18.58623504638672,3,S3b,precise_6a_final60,4.403372786442438,0.014338350854814053,apple,left
0.1360863596200943,,0.1360863596200943,0.1669236570596695,21.133832931518555,3,S3b,precise_6a_final60,4.403372786442438,0.009730693884193897,apple,right
0.07216689735651016,0.07216689735651016,,0.12889668345451355,19.422372817993164,4,S3b,precise_6a_final60,4.403372786442438,0.014675852842628956,apple,left
0.10476163774728775,,0.10476163774728775,0.1455744504928589,20.25208282470703,4,S3b,precise_6a_final60,4.403372786442438,0.012659101746976376,apple,right
0.05903993919491768,0.05903993919491768,,0.13814495503902435,21.203083038330078,5,S3b,precise_6a_final60,4.403372786442438,0.01418584119528532,apple,left
0.0631016343832016,,0.0631016343832016,0.10509639233350754,23.042869567871094,5,S3b,precise_6a_final60,4.403372786442438,0.011646071448922157,apple,right
0.08279502391815186,0.08279502391815186,,0.1633179634809494,19.594812393188477,6,S3b,precise_6a_final60,4.403372786442438,0.007449370808899403,apple,left
0.0885830745100975,,0.0885830745100975,0.12096414715051651,19.270509719848633,6,S3b,precise_6a_final60,4.403372786442438,0.015139415860176086,apple,right
0.07102588564157486,0.07102588564157486,,0.13301360607147217,19.849035263061523,7,S3b,precise_6a_final60,4.403372786442438,0.009188899770379066,apple,left
0.0833393856883049,,0.0833393856883049,0.13699248433113098,20.441173553466797,7,S3b,precise_6a_final60,4.403372786442438,0.017471125349402428,apple,right
0.06894613802433014,0.06894613802433014,,0.16814424097537994,20.3481388092041,8,S3b,precise_6a_final60,4.403372786442438,0.009363277815282345,apple,left
0.053168635815382004,,0.053168635815382004,0.13862119615077972,19.165985107421875,8,S3b,precise_6a_final60,4.403372786442438,0.011137694120407104,apple,right
0.0745110884308815,0.0745110884308815,,0.15313632786273956,18.982744216918945,9,S3b,precise_6a_final60,4.403372786442438,0.01615327037870884,apple,left
0.08321725577116013,,0.08321725577116013,0.12698164582252502,20.978057861328125,9,S3b,precise_6a_final60,4.403372786442438,0.010338885709643364,apple,right
0.05668182298541069,0.05668182298541069,,0.10278954356908798,21.88991928100586,10,S3b,precise_6a_final60,4.403372786442438,0.015069261193275452,apple,left
0.09272926300764084,,0.09272926300764084,0.09559587389230728,21.93122673034668,10,S3b,precise_6a_final60,4.403372786442438,0.01906093955039978,apple,right
0.10662233829498291,0.10662233829498291,,0.17991919815540314,19.976106643676758,11,S3b,precise_6a_final60,4.403372786442438,0.010397057048976421,apple,left
0.1663464605808258,,0.1663464605808258,0.21902289986610413,18.277803421020508,11,S3b,precise_6a_final60,4.403372786442438,0.011258422397077084,apple,right
0.04974262788891792,0.04974262788891792,,0.10173497349023819,21.50435447692871,12,S3b,precise_6a_final60,4.403372786442438,0.01860845647752285,apple,left
0.06854219734668732,,0.06854219734668732,0.11670748144388199,22.416419982910156,12,S3b,precise_6a_final60,4.403372786442438,0.00846875924617052,apple,right
0.052017007023096085,0.052017007023096085,,0.09771505743265152,21.909908294677734,13,S3b,precise_6a_final60,4.403372786442438,0.019098160788416862,apple,left
0.053370192646980286,,0.053370192646980286,0.0919695720076561,22.626182556152344,13,S3b,precise_6a_final60,4.403372786442438,0.015046662651002407,apple,right
0.09013601392507553,0.09013601392507553,,0.13287854194641113,20.65321922302246,14,S3b,precise_6a_final60,4.403372786442438,0.008892196230590343,apple,left
0.11055681854486465,,0.11055681854486465,0.09559587389230728,21.93122673034668,14,S3b,precise_6a_final60,4.403372786442438,0.01906093955039978,apple,right
0.0542260967195034,0.0542260967195034,,0.1015874370932579,21.647594451904297,15,S3b,precise_6a_final60,4.403372786442438,0.018613966181874275,apple,left
0.08239485323429108,,0.08239485323429108,0.13030670583248138,20.998714447021484,15,S3b,precise_6a_final60,4.403372786442438,0.008483923971652985,apple,right
0.06395597010850906,0.06395597010850906,,0.10095538944005966,21.542232513427734,16,S3b,precise_6a_final60,4.403372786442438,0.018784863874316216,apple,left
0.06967075169086456,,0.06967075169086456,0.1648806482553482,19.4052677154541,16,S3b,precise_6a_final60,4.403372786442438,0.011687002144753933,apple,right
0.05680552124977112,0.05680552124977112,,0.10472839325666428,21.171361923217773,17,S3b,precise_6a_final60,4.403372786442438,0.018413646146655083,apple,left
0.08032447844743729,,0.08032447844743729,0.1798524558544159,19.029537200927734,17,S3b,precise_6a_final60,4.403372786442438,0.011413014493882656,apple,right
0.057042934000492096,0.057042934000492096,,0.10933845490217209,21.28237533569336,18,S3b,precise_6a_final60,4.403372786442438,0.015020309947431087,apple,left
0.08073142170906067,,0.08073142170906067,0.09856618940830231,21.217994689941406,18,S3b,precise_6a_final60,4.403372786442438,0.018810972571372986,apple,right
0.05517296493053436,0.05517296493053436,,0.11174454540014267,20.634939193725586,19,S3b,precise_6a_final60,4.403372786442438,0.014753979630768299,apple,left
0.09192884713411331,,0.09192884713411331,0.1801072657108307,18.94089126586914,19,S3b,precise_6a_final60,4.403372786442438,0.012150908820331097,apple,right
0.12091249227523804,0.12091249227523804,,0.1747882217168808,19.033376693725586,20,S3b,precise_6a_final60,4.403372786442438,0.011716809123754501,apple,left
0.05361778661608696,,0.05361778661608696,0.14290690422058105,21.279123306274414,20,S3b,precise_6a_final60,4.403372786442438,0.007984514348208904,apple,right
0.10909911245107651,0.10909911245107651,,0.1744423359632492,19.02389144897461,21,S3b,precise_6a_final60,4.403372786442438,0.011755945160984993,apple,left
0.05350968614220619,,0.05350968614220619,0.12027523666620255,21.9899845123291,21,S3b,precise_6a_final60,4.403372786442438,0.00858581718057394,apple,right
0.05030619353055954,0.05030619353055954,,0.10546862334012985,20.710235595703125,22,S3b,precise_6a_final60,4.403372786442438,0.019120609387755394,apple,left
0.07332441955804825,,0.07332441955804825,0.1196795254945755,21.794071197509766,22,S3b,precise_6a_final60,4.403372786442438,0.008719091303646564,apple,right
0.049249909818172455,0.049249909818172455,,0.10771167278289795,20.785730361938477,23,S3b,precise_6a_final60,4.403372786442438,0.019373035058379173,apple,left
0.06755184382200241,,0.06755184382200241,0.1155017837882042,20.590627670288086,23,S3b,precise_6a_final60,4.403372786442438,0.014929103665053844,apple,right
0.07480829209089279,0.07480829209089279,,0.1399381160736084,20.88443946838379,24,S3b,precise_6a_final60,4.403372786442438,0.00832532811909914,apple,left
0.07950347661972046,,0.07950347661972046,0.1828921139240265,18.733112335205078,24,S3b,precise_6a_final60,4.403372786442438,0.010936356149613857,apple,right
0.0534239187836647,0.0534239187836647,,0.11496680974960327,20.16849708557129,25,S3b,precise_6a_final60,4.403372786442438,0.015405419282615185,apple,left
0.09622795134782791,,0.09622795134782791,0.19127853214740753,18.734832763671875,25,S3b,precise_6a_final60,4.403372786442438,0.010578236542642117,apple,right
0.05176991969347,0.05176991969347,,0.11964266747236252,19.782798767089844,26,S3b,precise_6a_final60,4.403372786442438,0.014874923042953014,apple,left
0.07496495544910431,,0.07496495544910431,0.11929183453321457,22.05185890197754,26,S3b,precise_6a_final60,4.403372786442438,0.008697534911334515,apple,right
0.0573524609208107,0.0573524609208107,,0.123775415122509,19.804962158203125,27,S3b,precise_6a_final60,4.403372786442438,0.015090808272361755,apple,left
0.08568478375673294,,0.08568478375673294,0.11896580457687378,19.630884170532227,27,S3b,precise_6a_final60,4.403372786442438,0.018774351105093956,apple,right
0.061419080942869186,0.061419080942869186,,0.12879641354084015,21.83283233642578,28,S3b,precise_6a_final60,4.403372786442438,0.008247905410826206,apple,left
0.10148437321186066,,0.10148437321186066,0.09660264104604721,20.704952239990234,28,S3b,precise_6a_final60,4.403372786442438,0.019109118729829788,apple,right
0.06382376700639725,0.06382376700639725,,0.1369275152683258,21.234416961669922,29,S3b,precise_6a_final60,4.403372786442438,0.008330604992806911,apple,left
0.07808125764131546,,0.07808125764131546,0.10162686556577682,20.216510772705078,29,S3b,precise_6a_final60,4.403372786442438,0.015061706304550171,apple,right
0.0944194346666336,0.0944194346666336,,0.1439950317144394,20.32791519165039,30,S3b,precise_6a_final60,4.403372786442438,0.011687878519296646,apple,left
0.06508423388004303,,0.06508423388004303,0.13457071781158447,21.39907455444336,30,S3b,precise_6a_final60,4.403372786442438,0.008429469540715218,apple,right
0.05215047672390938,0.05215047672390938,,0.10398737341165543,20.498947143554688,31,S3b,precise_6a_final60,4.403372786442438,0.019020427018404007,apple,left
0.06393197923898697,,0.06393197923898697,0.10081835091114044,20.50218391418457,31,S3b,precise_6a_final60,4.403372786442438,0.015619434416294098,apple,right
0.05137384310364723,0.05137384310364723,,0.11077933758497238,20.03354263305664,32,S3b,precise_6a_final60,4.403372786442438,0.01927960477769375,apple,left
0.06768352538347244,,0.06768352538347244,0.14047467708587646,20.646453857421875,32,S3b,precise_6a_final60,4.403372786442438,0.011085241101682186,apple,right
0.06922054290771484,0.06922054290771484,,0.16090567409992218,19.958293914794922,33,S3b,precise_6a_final60,4.403372786442438,0.007725487928837538,apple,left
0.06768327951431274,,0.06768327951431274,0.14094188809394836,20.637298583984375,33,S3b,precise_6a_final60,4.403372786442438,0.011091236025094986,apple,right
0.08279502391815186,0.08279502391815186,,0.16198748350143433,19.555023193359375,34,S3b,precise_6a_final60,4.403372786442438,0.007770864758640528,apple,left
0.06593373417854309,,0.06593373417854309,0.14595691859722137,20.0074462890625,34,S3b,precise_6a_final60,4.403372786442438,0.011461983434855938,apple,right
0.06438297033309937,0.06438297033309937,,0.1359323263168335,18.804603576660156,35,S3b,precise_6a_final60,4.403372786442438,0.018991904333233833,apple,left
0.05775688961148262,,0.05775688961148262,0.1377827674150467,20.68073272705078,35,S3b,precise_6a_final60,4.403372786442438,0.011346404440701008,apple,right
0.06603442877531052,0.06603442877531052,,0.14349080622196198,18.23613929748535,36,S3b,precise_6a_final60,4.403372786442438,0.01865408942103386,apple,left
0.11554902791976929,,0.11554902791976929,0.17477767169475555,19.112285614013672,36,S3b,precise_6a_final60,4.403372786442438,0.008291173726320267,apple,right
0.06854762136936188,0.06854762136936188,,0.14818036556243896,17.829683303833008,37,S3b,precise_6a_final60,4.403372786442438,0.01924901269376278,apple,left
0.10198919475078583,,0.10198919475078583,0.14782801270484924,17.572113037109375,37,S3b,precise_6a_final60,4.403372786442438,0.01526011060923338,apple,right
0.06070338562130928,0.06070338562130928,,0.1472778618335724,17.75115394592285,38,S3b,precise_6a_final60,4.403372786442438,0.019121991470456123,apple,left
0.051281142979860306,,0.051281142979860306,0.14599736034870148,19.381864547729492,38,S3b,precise_6a_final60,4.403372786442438,0.012319272384047508,apple,right
0.06758040934801102,0.06758040934801102,,0.14221332967281342,18.074853897094727,39,S3b,precise_6a_final60,4.403372786442438,0.018233774229884148,apple,left
0.13285253942012787,,0.13285253942012787,0.1723192036151886,18.51174545288086,39,S3b,precise_6a_final60,4.403372786442438,0.009344883263111115,apple,right
0.05698925629258156,0.05698925629258156,,0.14841006696224213,17.513439178466797,40,S3b,precise_6a_final60,4.403372786442438,0.016374368220567703,apple,left
0.12414201349020004,,0.12414201349020004,0.18363229930400848,18.903091430664062,40,S3b,precise_6a_final60,4.403372786442438,0.00950038805603981,apple,right
0.12415752559900284,0.12415752559900284,,0.17629198729991913,19.368854522705078,41,S3b,precise_6a_final60,4.403372786442438,0.00900415051728487,apple,left
0.10558363795280457,,0.10558363795280457,0.1239987388253212,19.455673217773438,41,S3b,precise_6a_final60,4.403372786442438,0.020326128229498863,apple,right
0.047795671969652176,0.047795671969652176,,0.12813420593738556,20.183839797973633,42,S3b,precise_6a_final60,4.403372786442438,0.016771214082837105,apple,left
0.11424071341753006,,0.11424071341753006,0.19405905902385712,18.957242965698242,42,S3b,precise_6a_final60,4.403372786442438,0.008688016794621944,apple,right
0.05014393478631973,0.05014393478631973,,0.11533736437559128,20.83437728881836,43,S3b,precise_6a_final60,4.403372786442438,0.017390146851539612,apple,left
0.07327601313591003,,0.07327601313591003,0.11741717904806137,20.480195999145508,43,S3b,precise_6a_final60,4.403372786442438,0.01917482726275921,apple,right
0.05257808789610863,0.05257808789610863,,0.104786217212677,21.982379913330078,44,S3b,precise_6a_final60,4.403372786442438,0.016945315524935722,apple,left
0.04694032669067383,,0.04694032669067383,0.10710566490888596,21.27508544921875,44,S3b,precise_6a_final60,4.403372786442438,0.012430423870682716,apple,right
0.08694296330213547,0.08694296330213547,,0.16961459815502167,17.747041702270508,45,S3b,precise_6a_final60,4.403372786442438,0.01688333973288536,apple,left
0.14367830753326416,,0.14367830753326416,0.18369655311107635,19.31962776184082,45,S3b,precise_6a_final60,4.403372786442438,0.008818202652037144,apple,right
0.07943227887153625,0.07943227887153625,,0.15768897533416748,18.30453109741211,46,S3b,precise_6a_final60,4.403372786442438,0.008100415579974651,apple,left
0.04479721561074257,,0.04479721561074257,0.10494575649499893,22.263317108154297,46,S3b,precise_6a_final60,4.403372786442438,0.012155733071267605,apple,right
0.11456909775733948,0.11456909775733948,,0.14862193167209625,20.34978675842285,47,S3b,precise_6a_final60,4.403372786442438,0.01219090260565281,apple,left
0.1362103372812271,,0.1362103372812271,0.1901310533285141,19.231063842773438,47,S3b,precise_6a_final60,4.403372786442438,0.0086823096498847,apple,right
0.05702921003103256,0.05702921003103256,,0.11506406217813492,20.586986541748047,48,S3b,precise_6a_final60,4.403372786442438,0.010832383297383785,apple,left
0.12916317582130432,,0.12916317582130432,0.1658758968114853,20.1784725189209,48,S3b,precise_6a_final60,4.403372786442438,0.009985237382352352,apple,right
0.3223547637462616,0.3223547637462616,,0.2304745763540268,16.827421188354492,49,S3b,precise_6a_final60,4.403372786442438,0.009495136328041553,apple,left
0.055897414684295654,,0.055897414684295654,0.11940477043390274,22.329631805419922,49,S3b,precise_6a_final60,4.403372786442438,0.01240590400993824,apple,right
0.05903993919491768,0.05903993919491768,,0.1391083002090454,21.311267852783203,50,S3b,precise_6a_final60,4.403372786442438,0.014179589226841927,apple,left
0.09478306770324707,,0.09478306770324707,0.14044402539730072,20.771717071533203,50,S3b,precise_6a_final60,4.403372786442438,0.010438171215355396,apple,right
0.3517998158931732,0.3517998158931732,,0.23591327667236328,16.903242111206055,51,S3b,precise_6a_final60,4.403372786442438,0.009632304310798645,apple,left
0.06703857332468033,,0.06703857332468033,0.14236050844192505,20.516891479492188,51,S3b,precise_6a_final60,4.403372786442438,0.010438171215355396,apple,right
0.07470247894525528,0.07470247894525528,,0.11242728680372238,21.62338638305664,52,S3b,precise_6a_final60,4.403372786442438,0.011344450525939465,apple,left
0.08909843862056732,,0.08909843862056732,0.14553093910217285,20.201675415039062,52,S3b,precise_6a_final60,4.403372786442438,0.010399125516414642,apple,right
0.0681437999010086,0.0681437999010086,,0.1452808827161789,20.253368377685547,53,S3b,precise_6a_final60,4.403372786442438,0.010231778025627136,apple,left
0.05340651422739029,,0.05340651422739029,0.14398835599422455,20.754077911376953,53,S3b,precise_6a_final60,4.403372786442438,0.012289450503885746,apple,right
0.049044303596019745,0.049044303596019745,,0.14232401549816132,21.16750717163086,54,S3b,precise_6a_final60,4.403372786442438,0.012630890123546124,apple,left
0.06992384791374207,,0.06992384791374207,0.11809096485376358,21.676149368286133,54,S3b,precise_6a_final60,4.403372786442438,0.01192550454288721,apple,right
0.062405768781900406,0.062405768781900406,,0.11303260177373886,20.991613388061523,55,S3b,precise_6a_final60,4.403372786442438,0.012501615099608898,apple,left
0.06339479982852936,,0.06339479982852936,0.1357349455356598,21.633451461791992,55,S3b,precise_6a_final60,4.403372786442438,0.012431710958480835,apple,right
0.30240577459335327,0.30240577459335327,,0.23841094970703125,17.301456451416016,56,S3b,precise_6a_final60,4.403372786442438,0.008794031105935574,apple,left
0.06815800070762634,,0.06815800070762634,0.13272057473659515,21.742839813232422,56,S3b,precise_6a_final60,4.403372786442438,0.012058451771736145,apple,right
0.2720714509487152,0.2720714509487152,,0.2407727688550949,17.2847843170166,57,S3b,precise_6a_final60,4.403372786442438,0.009199346415698528,apple,left
0.14160141348838806,,0.14160141348838806,0.11665160953998566,21.197978973388672,57,S3b,precise_6a_final60,4.403372786442438,0.012115762569010258,apple,right
0.051828183233737946,0.051828183233737946,,0.12695452570915222,22.343713760375977,58,S3b,precise_6a_final60,4.403372786442438,0.011148864403367043,apple,left
0.08267197757959366,,0.08267197757959366,0.14692595601081848,20.557498931884766,58,S3b,precise_6a_final60,4.403372786442438,0.011168338358402252,apple,right
0.04724692925810814,0.04724692925810814,,0.14983129501342773,20.6210880279541,59,S3b,precise_6a_final60,4.403372786442438,0.01016515213996172,apple,left
0.058124005794525146,,0.058124005794525146,0.12739373743534088,22.22203254699707,59,S3b,precise_6a_final60,4.403372786442438,0.010611984878778458,apple,right
0.08705902099609375,0.08705902099609375,,0.14319922029972076,19.31574058532715,0,S4b,precise_6a_final60,4.623078676064809,0.013276687823235989,apple,left
0.11277366429567337,,0.11277366429567337,0.1479066014289856,17.887142181396484,0,S4b,precise_6a_final60,4.623078676064809,0.020350219681859016,apple,right
0.1020224392414093,0.1020224392414093,,0.17809920012950897,18.379959106445312,1,S4b,precise_6a_final60,4.623078676064809,0.011806233786046505,apple,left
0.044551726430654526,,0.044551726430654526,0.12903644144535065,20.87497901916504,1,S4b,precise_6a_final60,4.623078676064809,0.008480170741677284,apple,right
0.11809699982404709,0.11809699982404709,,0.1861826479434967,18.09789276123047,2,S4b,precise_6a_final60,4.623078676064809,0.011882670223712921,apple,left
0.055097028613090515,,0.055097028613090515,0.13154764473438263,19.651321411132812,2,S4b,precise_6a_final60,4.623078676064809,0.0141454404219985,apple,right
0.09430533647537231,0.09430533647537231,,0.15410111844539642,18.314573287963867,3,S4b,precise_6a_final60,4.623078676064809,0.01469954289495945,apple,left
0.13397356867790222,,0.13397356867790222,0.15825870633125305,20.937759399414062,3,S4b,precise_6a_final60,4.623078676064809,0.009121972136199474,apple,right
0.06793808937072754,0.06793808937072754,,0.11995785683393478,19.27855682373047,4,S4b,precise_6a_final60,4.623078676064809,0.014739706180989742,apple,left
0.10589540004730225,,0.10589540004730225,0.14187279343605042,20.25190544128418,4,S4b,precise_6a_final60,4.623078676064809,0.012799376621842384,apple,right
0.04972616583108902,0.04972616583108902,,0.12744538486003876,22.002090454101562,5,S4b,precise_6a_final60,4.623078676064809,0.01059675868600607,apple,left
0.07188153266906738,,0.07188153266906738,0.10145934671163559,22.935688018798828,5,S4b,precise_6a_final60,4.623078676064809,0.011357598938047886,apple,right
0.06748007982969284,0.06748007982969284,,0.1546318382024765,19.61956214904785,6,S4b,precise_6a_final60,4.623078676064809,0.008042875677347183,apple,left
0.10191792994737625,,0.10191792994737625,0.11904852837324142,19.10476303100586,6,S4b,precise_6a_final60,4.623078676064809,0.015680639073252678,apple,right
0.06955069303512573,0.06955069303512573,,0.13421934843063354,19.731740951538086,7,S4b,precise_6a_final60,4.623078676064809,0.008759956806898117,apple,left
0.07914558053016663,,0.07914558053016663,0.13642887771129608,20.092575073242188,7,S4b,precise_6a_final60,4.623078676064809,0.018109632655978203,apple,right
0.07233680784702301,0.07233680784702301,,0.15361987054347992,20.264888763427734,8,S4b,precise_6a_final60,4.623078676064809,0.009924043901264668,apple,left
0.05700644478201866,,0.05700644478201866,0.1304178684949875,18.707067489624023,8,S4b,precise_6a_final60,4.623078676064809,0.01170849148184061,apple,right
0.07653043419122696,0.07653043419122696,,0.15100817382335663,18.627044677734375,9,S4b,precise_6a_final60,4.623078676064809,0.016387680545449257,apple,left
0.07102746516466141,,0.07102746516466141,0.12205833196640015,20.80379867553711,9,S4b,precise_6a_final60,4.623078676064809,0.00968073308467865,apple,right
0.05022716894745827,0.05022716894745827,,0.10256731510162354,21.621417999267578,10,S4b,precise_6a_final60,4.623078676064809,0.014622308313846588,apple,left
0.06939344853162766,,0.06939344853162766,0.09542796015739441,21.982383728027344,10,S4b,precise_6a_final60,4.623078676064809,0.01940840296447277,apple,right
0.0997314527630806,0.0997314527630806,,0.17784355580806732,19.658668518066406,11,S4b,precise_6a_final60,4.623078676064809,0.009516946971416473,apple,left
0.15712064504623413,,0.15712064504623413,0.2143716812133789,17.779142379760742,11,S4b,precise_6a_final60,4.623078676064809,0.012251459062099457,apple,right
0.04780683293938637,0.04780683293938637,,0.10126026719808578,21.350955963134766,12,S4b,precise_6a_final60,4.623078676064809,0.018414979800581932,apple,left
0.050018154084682465,,0.050018154084682465,0.11408896744251251,22.130367279052734,12,S4b,precise_6a_final60,4.623078676064809,0.007998201064765453,apple,right
0.052010055631399155,0.052010055631399155,,0.09540452063083649,21.805734634399414,13,S4b,precise_6a_final60,4.623078676064809,0.01876215822994709,apple,left
0.05068691074848175,,0.05068691074848175,0.08865928649902344,22.705562591552734,13,S4b,precise_6a_final60,4.623078676064809,0.015384912490844727,apple,right
0.05438745394349098,0.05438745394349098,,0.13332606852054596,20.508831024169922,14,S4b,precise_6a_final60,4.623078676064809,0.008827799931168556,apple,left
0.08286530524492264,,0.08286530524492264,0.09542796015739441,21.982383728027344,14,S4b,precise_6a_final60,4.623078676064809,0.01940840296447277,apple,right
0.05542568489909172,0.05542568489909172,,0.10023482888936996,21.613557815551758,15,S4b,precise_6a_final60,4.623078676064809,0.01844032108783722,apple,left
0.06523687392473221,,0.06523687392473221,0.128196582198143,20.710731506347656,15,S4b,precise_6a_final60,4.623078676064809,0.008024998009204865,apple,right
0.05522264540195465,0.05522264540195465,,0.10115404427051544,21.363262176513672,16,S4b,precise_6a_final60,4.623078676064809,0.018789073452353477,apple,left
0.07402364909648895,,0.07402364909648895,0.1611742079257965,19.326393127441406,16,S4b,precise_6a_final60,4.623078676064809,0.012102281674742699,apple,right
0.049143269658088684,0.049143269658088684,,0.10527074337005615,20.918352127075195,17,S4b,precise_6a_final60,4.623078676064809,0.018220743164420128,apple,left
0.08468810468912125,,0.08468810468912125,0.17679129540920258,18.641157150268555,17,S4b,precise_6a_final60,4.623078676064809,0.012189570814371109,apple,right
0.0535002276301384,0.0535002276301384,,0.10843081772327423,20.642040252685547,18,S4b,precise_6a_final60,4.623078676064809,0.014968186616897583,apple,left
0.06427803635597229,,0.06427803635597229,0.09701666235923767,21.061847686767578,18,S4b,precise_6a_final60,4.623078676064809,0.01908233016729355,apple,right
0.04880391061306,0.04880391061306,,0.11196786165237427,20.266605377197266,19,S4b,precise_6a_final60,4.623078676064809,0.014719746075570583,apple,left
0.09213908761739731,,0.09213908761739731,0.17671863734722137,18.662864685058594,19,S4b,precise_6a_final60,4.623078676064809,0.01235139649361372,apple,right
0.1134314015507698,0.1134314015507698,,0.16758166253566742,18.608823776245117,20,S4b,precise_6a_final60,4.623078676064809,0.012525892816483974,apple,left
0.040710240602493286,,0.040710240602493286,0.13788412511348724,20.566930770874023,20,S4b,precise_6a_final60,4.623078676064809,0.008040855638682842,apple,right
0.09883658587932587,0.09883658587932587,,0.16515766084194183,18.814809799194336,21,S4b,precise_6a_final60,4.623078676064809,0.012216593138873577,apple,left
0.039251044392585754,,0.039251044392585754,0.11735403537750244,21.370555877685547,21,S4b,precise_6a_final60,4.623078676064809,0.008533379063010216,apple,right
0.046809256076812744,0.046809256076812744,,0.10725035518407822,20.608871459960938,22,S4b,precise_6a_final60,4.623078676064809,0.018890872597694397,apple,left
0.059185855090618134,,0.059185855090618134,0.12113767117261887,21.280099868774414,22,S4b,precise_6a_final60,4.623078676064809,0.008704962208867073,apple,right
0.045454904437065125,0.045454904437065125,,0.10733184963464737,20.662343978881836,23,S4b,precise_6a_final60,4.623078676064809,0.019204793497920036,apple,left
0.0674203559756279,,0.0674203559756279,0.11036086082458496,20.53500747680664,23,S4b,precise_6a_final60,4.623078676064809,0.015355944633483887,apple,right
0.05341499298810959,0.05341499298810959,,0.14328017830848694,20.455474853515625,24,S4b,precise_6a_final60,4.623078676064809,0.008936029858887196,apple,left
0.07716381549835205,,0.07716381549835205,0.1787155717611313,18.262401580810547,24,S4b,precise_6a_final60,4.623078676064809,0.011658875271677971,apple,right
0.051932599395513535,0.051932599395513535,,0.11850086599588394,19.815696716308594,25,S4b,precise_6a_final60,4.623078676064809,0.015313041396439075,apple,left
0.09343321621417999,,0.09343321621417999,0.18680988252162933,18.22869873046875,25,S4b,precise_6a_final60,4.623078676064809,0.011495291255414486,apple,right
0.050411805510520935,0.050411805510520935,,0.11984284222126007,19.36143684387207,26,S4b,precise_6a_final60,4.623078676064809,0.014918304048478603,apple,left
0.061189793050289154,,0.061189793050289154,0.11482518166303635,21.83382797241211,26,S4b,precise_6a_final60,4.623078676064809,0.008557355962693691,apple,right
0.05038712918758392,0.05038712918758392,,0.12390545755624771,19.547670364379883,27,S4b,precise_6a_final60,4.623078676064809,0.015062685124576092,apple,left
0.06704218685626984,,0.06704218685626984,0.11781121790409088,19.441118240356445,27,S4b,precise_6a_final60,4.623078676064809,0.01891055516898632,apple,right
0.06030288711190224,0.06030288711190224,,0.12513147294521332,21.554040908813477,28,S4b,precise_6a_final60,4.623078676064809,0.008296478539705276,apple,left
0.07675237208604813,,0.07675237208604813,0.09535803645849228,20.375593185424805,28,S4b,precise_6a_final60,4.623078676064809,0.019278978928923607,apple,right
0.061086177825927734,0.061086177825927734,,0.13083305954933167,21.149112701416016,29,S4b,precise_6a_final60,4.623078676064809,0.008377780206501484,apple,left
0.09006799012422562,,0.09006799012422562,0.09965712577104568,19.939050674438477,29,S4b,precise_6a_final60,4.623078676064809,0.015416085720062256,apple,right
0.08032237738370895,0.08032237738370895,,0.13799236714839935,20.327394485473633,30,S4b,precise_6a_final60,4.623078676064809,0.011999957263469696,apple,left
0.05117642134428024,,0.05117642134428024,0.1359957456588745,21.04568862915039,30,S4b,precise_6a_final60,4.623078676064809,0.007841194979846478,apple,right
0.04758418723940849,0.04758418723940849,,0.10341491550207138,20.459115982055664,31,S4b,precise_6a_final60,4.623078676064809,0.018925562500953674,apple,left
0.0682164803147316,,0.0682164803147316,0.09802863746881485,20.322528839111328,31,S4b,precise_6a_final60,4.623078676064809,0.015800965949892998,apple,right
0.04726795852184296,0.04726795852184296,,0.11185399442911148,19.98297119140625,32,S4b,precise_6a_final60,4.623078676064809,0.018937384709715843,apple,left
0.05781874433159828,,0.05781874433159828,0.13154418766498566,20.40165901184082,32,S4b,precise_6a_final60,4.623078676064809,0.011842996813356876,apple,right
0.061031971126794815,0.061031971126794815,,0.1537720113992691,19.81893539428711,33,S4b,precise_6a_final60,4.623078676064809,0.008357517421245575,apple,left
0.05458110198378563,,0.05458110198378563,0.13733996450901031,20.2628116607666,33,S4b,precise_6a_final60,4.623078676064809,0.011784416623413563,apple,right
0.06748007982969284,0.06748007982969284,,0.1541977971792221,19.54532241821289,34,S4b,precise_6a_final60,4.623078676064809,0.00831401813775301,apple,left
0.052790671586990356,,0.052790671586990356,0.14552584290504456,19.49922752380371,34,S4b,precise_6a_final60,4.623078676064809,0.012585806660354137,apple,right
0.05091395601630211,0.05091395601630211,,0.13102252781391144,18.641834259033203,35,S4b,precise_6a_final60,4.623078676064809,0.019091252237558365,apple,left
0.05373967066407204,,0.05373967066407204,0.13828571140766144,20.218496322631836,35,S4b,precise_6a_final60,4.623078676064809,0.012680798768997192,apple,right
0.05417131260037422,0.05417131260037422,,0.1403285712003708,18.144380569458008,36,S4b,precise_6a_final60,4.623078676064809,0.018383769318461418,apple,left
0.09725120663642883,,0.09725120663642883,0.17354118824005127,19.140533447265625,36,S4b,precise_6a_final60,4.623078676064809,0.007865780964493752,apple,right
0.0584392212331295,0.0584392212331295,,0.14526225626468658,17.738792419433594,37,S4b,precise_6a_final60,4.623078676064809,0.019040774554014206,apple,left
0.10801155865192413,,0.10801155865192413,0.14752903580665588,17.39380645751953,37,S4b,precise_6a_final60,4.623078676064809,0.015776000916957855,apple,right
0.04895143583416939,0.04895143583416939,,0.1477765589952469,17.634702682495117,38,S4b,precise_6a_final60,4.623078676064809,0.01887913979589939,apple,left
0.048178721219301224,,0.048178721219301224,0.1477161943912506,19.010814666748047,38,S4b,precise_6a_final60,4.623078676064809,0.013163477182388306,apple,right
0.06244731694459915,0.06244731694459915,,0.14140945672988892,17.62298583984375,39,S4b,precise_6a_final60,4.623078676064809,0.01813925802707672,apple,left
0.12132415175437927,,0.12132415175437927,0.16982431709766388,18.434099197387695,39,S4b,precise_6a_final60,4.623078676064809,0.0094131575897336,apple,right
0.05202081426978111,0.05202081426978111,,0.14605088531970978,17.241857528686523,40,S4b,precise_6a_final60,4.623078676064809,0.01670692302286625,apple,left
0.10744735598564148,,0.10744735598564148,0.17668502032756805,18.489002227783203,40,S4b,precise_6a_final60,4.623078676064809,0.008676232770085335,apple,right
0.11105364561080933,0.11105364561080933,,0.1588783711194992,19.39570426940918,41,S4b,precise_6a_final60,4.623078676064809,0.009092490188777447,apple,left
0.08947089314460754,,0.08947089314460754,0.13078062236309052,19.091142654418945,41,S4b,precise_6a_final60,4.623078676064809,0.02013132907450199,apple,right
0.04994524270296097,0.04994524270296097,,0.12388861179351807,19.879528045654297,42,S4b,precise_6a_final60,4.623078676064809,0.01680534891784191,apple,left
0.10657210648059845,,0.10657210648059845,0.18294453620910645,18.459835052490234,42,S4b,precise_6a_final60,4.623078676064809,0.008500133641064167,apple,right
0.05203492194414139,0.05203492194414139,,0.11284812539815903,20.755178451538086,43,S4b,precise_6a_final60,4.623078676064809,0.017725303769111633,apple,left
0.05645041540265083,,0.05645041540265083,0.12054283916950226,19.866418838500977,43,S4b,precise_6a_final60,4.623078676064809,0.019411301240324974,apple,right
0.05373915657401085,0.05373915657401085,,0.10203471034765244,22.06048583984375,44,S4b,precise_6a_final60,4.623078676064809,0.017155958339571953,apple,left
0.043197035789489746,,0.043197035789489746,0.10521481186151505,21.029178619384766,44,S4b,precise_6a_final60,4.623078676064809,0.01306268759071827,apple,right
0.08782923221588135,0.08782923221588135,,0.16436238586902618,17.658430099487305,45,S4b,precise_6a_final60,4.623078676064809,0.01719437912106514,apple,left
0.13539929687976837,,0.13539929687976837,0.17581996321678162,18.71796989440918,45,S4b,precise_6a_final60,4.623078676064809,0.008912612684071064,apple,right
0.07479027658700943,0.07479027658700943,,0.14262573421001434,18.012897491455078,46,S4b,precise_6a_final60,4.623078676064809,0.008667646907269955,apple,left
0.04055238515138626,,0.04055238515138626,0.0975271686911583,21.944442749023438,46,S4b,precise_6a_final60,4.623078676064809,0.01297143753618002,apple,right
0.12331366539001465,0.12331366539001465,,0.14359556138515472,20.275558471679688,47,S4b,precise_6a_final60,4.623078676064809,0.01301210280507803,apple,left
0.1271885633468628,,0.1271885633468628,0.1820223033428192,19.015588760375977,47,S4b,precise_6a_final60,4.623078676064809,0.008481441996991634,apple,right
0.04597899317741394,0.04597899317741394,,0.11537759751081467,19.98357391357422,48,S4b,precise_6a_final60,4.623078676064809,0.011491253972053528,apple,left
0.12789683043956757,,0.12789683043956757,0.15997664630413055,19.55248260498047,48,S4b,precise_6a_final60,4.623078676064809,0.010213938541710377,apple,right
0.3133864998817444,0.3133864998817444,,0.23045797646045685,16.367355346679688,49,S4b,precise_6a_final60,4.623078676064809,0.009610098786652088,apple,left
0.05785659700632095,,0.05785659700632095,0.11390192806720734,22.447628021240234,49,S4b,precise_6a_final60,4.623078676064809,0.01057071890681982,apple,right
0.04972616583108902,0.04972616583108902,,0.12684114277362823,21.831310272216797,50,S4b,precise_6a_final60,4.623078676064809,0.01069854386150837,apple,left
0.08604428917169571,,0.08604428917169571,0.14198432862758636,20.497684478759766,50,S4b,precise_6a_final60,4.623078676064809,0.009995341300964355,apple,right
0.34177833795547485,0.34177833795547485,,0.23263029754161835,16.498220443725586,51,S4b,precise_6a_final60,4.623078676064809,0.009804020635783672,apple,left
0.05479529872536659,,0.05479529872536659,0.14422112703323364,20.24653434753418,51,S4b,precise_6a_final60,4.623078676064809,0.009995341300964355,apple,right
0.0645613744854927,0.0645613744854927,,0.10879480838775635,21.17010498046875,52,S4b,precise_6a_final60,4.623078676064809,0.011567498557269573,apple,left
0.07985877990722656,,0.07985877990722656,0.14741197228431702,19.986953735351562,52,S4b,precise_6a_final60,4.623078676064809,0.009994315914809704,apple,right
0.06293811649084091,0.06293811649084091,,0.13938331604003906,19.919260025024414,53,S4b,precise_6a_final60,4.623078676064809,0.010351653210818768,apple,left
0.05558212101459503,,0.05558212101459503,0.14056669175624847,20.769393920898438,53,S4b,precise_6a_final60,4.623078676064809,0.010474933311343193,apple,right
0.046676166355609894,0.046676166355609894,,0.12943820655345917,21.565349578857422,54,S4b,precise_6a_final60,4.623078676064809,0.010570326820015907,apple,left
0.07242458313703537,,0.07242458313703537,0.10596225410699844,21.597726821899414,54,S4b,precise_6a_final60,4.623078676064809,0.011929682455956936,apple,right
0.05815299600362778,0.05815299600362778,,0.1127946600317955,20.767230987548828,55,S4b,precise_6a_final60,4.623078676064809,0.012459047138690948,apple,left
0.0595097541809082,,0.0595097541809082,0.12757031619548798,21.969453811645508,55,S4b,precise_6a_final60,4.623078676064809,0.010232004337012768,apple,right
0.3251725435256958,0.3251725435256958,,0.21832747757434845,17.504030227661133,56,S4b,precise_6a_final60,4.623078676064809,0.008895380422472954,apple,left
0.06084500998258591,,0.06084500998258591,0.12928929924964905,21.93484115600586,56,S4b,precise_6a_final60,4.623078676064809,0.010671084746718407,apple,right
0.2743076682090759,0.2743076682090759,,0.23841939866542816,16.925199508666992,57,S4b,precise_6a_final60,4.623078676064809,0.009747695177793503,apple,left
0.12246934324502945,,0.12246934324502945,0.11078914254903793,21.02170181274414,57,S4b,precise_6a_final60,4.623078676064809,0.01225071121007204,apple,right
0.04207799211144447,0.04207799211144447,,0.12060250341892242,22.48723602294922,58,S4b,precise_6a_final60,4.623078676064809,0.010207603685557842,apple,left
0.07614516466856003,,0.07614516466856003,0.14568080008029938,20.129127502441406,58,S4b,precise_6a_final60,4.623078676064809,0.011477891355752945,apple,right
0.04735898599028587,0.04735898599028587,,0.14616890251636505,20.20038604736328,59,S4b,precise_6a_final60,4.623078676064809,0.010412156581878662,apple,left
0.061182744801044464,,0.061182744801044464,0.12665815651416779,22.023426055908203,59,S4b,precise_6a_final60,4.623078676064809,0.009828316979110241,apple,right
0.0873979926109314,0.0873979926109314,,0.14807136356830597,19.364246368408203,0,S5b,precise_6a_final60,4.852936941385269,0.013250998221337795,apple,left
0.09716252982616425,,0.09716252982616425,0.1559588760137558,17.482439041137695,0,S5b,precise_6a_final60,4.852936941385269,0.018984779715538025,apple,right
0.09866662323474884,0.09866662323474884,,0.18176762759685516,18.40855598449707,1,S5b,precise_6a_final60,4.852936941385269,0.011796712875366211,apple,left
0.047457143664360046,,0.047457143664360046,0.1286197006702423,21.309621810913086,1,S5b,precise_6a_final60,4.852936941385269,0.008289202116429806,apple,right
0.1067257672548294,0.1067257672548294,,0.18142573535442352,18.582660675048828,2,S5b,precise_6a_final60,4.852936941385269,0.012117905542254448,apple,left
0.05941106379032135,,0.05941106379032135,0.13652577996253967,19.042102813720703,2,S5b,precise_6a_final60,4.852936941385269,0.01457495242357254,apple,right
0.0772370994091034,0.0772370994091034,,0.1544402539730072,18.927871704101562,3,S5b,precise_6a_final60,4.852936941385269,0.015322652645409107,apple,left
0.1145971491932869,,0.1145971491932869,0.1581343710422516,20.75773048400879,3,S5b,precise_6a_final60,4.852936941385269,0.009745767340064049,apple,right
0.06130855157971382,0.06130855157971382,,0.11975472420454025,19.298152923583984,4,S5b,precise_6a_final60,4.852936941385269,0.015069196000695229,apple,left
0.10307583957910538,,0.10307583957910538,0.1458338052034378,20.122127532958984,4,S5b,precise_6a_final60,4.852936941385269,0.013068324886262417,apple,right
0.04746342822909355,0.04746342822909355,,0.1242934986948967,22.336156845092773,5,S5b,precise_6a_final60,4.852936941385269,0.009871571324765682,apple,left
0.07053504884243011,,0.07053504884243011,0.10522675514221191,22.75994300842285,5,S5b,precise_6a_final60,4.852936941385269,0.01129145361483097,apple,right
0.07252810150384903,0.07252810150384903,,0.15442772209644318,19.60888671875,6,S5b,precise_6a_final60,4.852936941385269,0.00820836890488863,apple,left
0.09286284446716309,,0.09286284446716309,0.11831338703632355,19.27130889892578,6,S5b,precise_6a_final60,4.852936941385269,0.01566767692565918,apple,right
0.07860234379768372,0.07860234379768372,,0.1361965835094452,19.596403121948242,7,S5b,precise_6a_final60,4.852936941385269,0.009660790674388409,apple,left
0.08493881672620773,,0.08493881672620773,0.139909029006958,19.93208122253418,7,S5b,precise_6a_final60,4.852936941385269,0.017569446936249733,apple,right
0.06873936951160431,0.06873936951160431,,0.16179808974266052,19.864059448242188,8,S5b,precise_6a_final60,4.852936941385269,0.009993930347263813,apple,left
0.055702827870845795,,0.055702827870845795,0.120008684694767,19.20058822631836,8,S5b,precise_6a_final60,4.852936941385269,0.010513036511838436,apple,right
0.07068699598312378,0.07068699598312378,,0.14860117435455322,18.912073135375977,9,S5b,precise_6a_final60,4.852936941385269,0.016160791739821434,apple,left
0.08140410482883453,,0.08140410482883453,0.1202310100197792,21.11053466796875,9,S5b,precise_6a_final60,4.852936941385269,0.009831930510699749,apple,right
0.049878042191267014,0.049878042191267014,,0.10682626068592072,21.416805267333984,10,S5b,precise_6a_final60,4.852936941385269,0.01490902341902256,apple,left
0.06301690638065338,,0.06301690638065338,0.095835842192173,21.61990737915039,10,S5b,precise_6a_final60,4.852936941385269,0.019649075344204903,apple,right
0.10406467318534851,0.10406467318534851,,0.17633433640003204,19.812814712524414,11,S5b,precise_6a_final60,4.852936941385269,0.009812857955694199,apple,left
0.15548788011074066,,0.15548788011074066,0.20702460408210754,18.292743682861328,11,S5b,precise_6a_final60,4.852936941385269,0.0121534438803792,apple,right
0.04252170771360397,0.04252170771360397,,0.09025468677282333,22.120590209960938,12,S5b,precise_6a_final60,4.852936941385269,0.019251210615038872,apple,left
0.0546429380774498,,0.0546429380774498,0.11887715011835098,21.603832244873047,12,S5b,precise_6a_final60,4.852936941385269,0.008106713183224201,apple,right
0.044532231986522675,0.044532231986522675,,0.09375359863042831,21.68795394897461,13,S5b,precise_6a_final60,4.852936941385269,0.01955830119550228,apple,left
0.04057878255844116,,0.04057878255844116,0.09029900282621384,22.791595458984375,13,S5b,precise_6a_final60,4.852936941385269,0.015345900319516659,apple,right
0.05094194784760475,0.05094194784760475,,0.13280202448368073,20.73289680480957,14,S5b,precise_6a_final60,4.852936941385269,0.008587139658629894,apple,left
0.09687566012144089,,0.09687566012144089,0.095835842192173,21.61990737915039,14,S5b,precise_6a_final60,4.852936941385269,0.019649075344204903,apple,right
0.04832041636109352,0.04832041636109352,,0.10198860615491867,21.086694717407227,15,S5b,precise_6a_final60,4.852936941385269,0.01925155520439148,apple,left
0.06787269562482834,,0.06787269562482834,0.13587741553783417,20.178016662597656,15,S5b,precise_6a_final60,4.852936941385269,0.008073399774730206,apple,right
0.05262678116559982,0.05262678116559982,,0.09594593942165375,21.315887451171875,16,S5b,precise_6a_final60,4.852936941385269,0.01926020346581936,apple,left
0.07392072677612305,,0.07392072677612305,0.1620240956544876,19.148193359375,16,S5b,precise_6a_final60,4.852936941385269,0.012132947333157063,apple,right
0.04799487441778183,0.04799487441778183,,0.10371629148721695,21.22521209716797,17,S5b,precise_6a_final60,4.852936941385269,0.018578721210360527,apple,left
0.08625208586454391,,0.08625208586454391,0.18197223544120789,18.71197509765625,17,S5b,precise_6a_final60,4.852936941385269,0.012172602117061615,apple,right
0.04473885893821716,0.04473885893821716,,0.10306663811206818,20.73187255859375,18,S5b,precise_6a_final60,4.852936941385269,0.015291611663997173,apple,left
0.048760998994112015,,0.048760998994112015,0.0960342288017273,21.276458740234375,18,S5b,precise_6a_final60,4.852936941385269,0.019116004928946495,apple,right
0.046912286430597305,0.046912286430597305,,0.10528633743524551,20.586278915405273,19,S5b,precise_6a_final60,4.852936941385269,0.01521901786327362,apple,left
0.09300822764635086,,0.09300822764635086,0.173323854804039,18.781349182128906,19,S5b,precise_6a_final60,4.852936941385269,0.011801580898463726,apple,right
0.09252482652664185,0.09252482652664185,,0.17681889235973358,18.539953231811523,20,S5b,precise_6a_final60,4.852936941385269,0.01185181736946106,apple,left
0.044574495404958725,,0.044574495404958725,0.14613300561904907,20.167041778564453,20,S5b,precise_6a_final60,4.852936941385269,0.00818673986941576,apple,right
0.08911620825529099,0.08911620825529099,,0.1598370373249054,19.304677963256836,21,S5b,precise_6a_final60,4.852936941385269,0.012001462280750275,apple,left
0.0415668860077858,,0.0415668860077858,0.12484290450811386,21.417524337768555,21,S5b,precise_6a_final60,4.852936941385269,0.008380085229873657,apple,right
0.04422582685947418,0.04422582685947418,,0.10318776220083237,20.74505043029785,22,S5b,precise_6a_final60,4.852936941385269,0.019239483401179314,apple,left
0.06225603073835373,,0.06225603073835373,0.11907272785902023,21.156347274780273,22,S5b,precise_6a_final60,4.852936941385269,0.008990916423499584,apple,right
0.04231080412864685,0.04231080412864685,,0.11011500656604767,20.436946868896484,23,S5b,precise_6a_final60,4.852936941385269,0.018916228786110878,apple,left
0.06734438985586166,,0.06734438985586166,0.11329423636198044,20.470142364501953,23,S5b,precise_6a_final60,4.852936941385269,0.015079549513757229,apple,right
0.052065055817365646,0.052065055817365646,,0.11281271278858185,21.980571746826172,24,S5b,precise_6a_final60,4.852936941385269,0.008997644297778606,apple,left
0.0715530514717102,,0.0715530514717102,0.17722199857234955,18.31621742248535,24,S5b,precise_6a_final60,4.852936941385269,0.011886601336300373,apple,right
0.04513102397322655,0.04513102397322655,,0.12003523111343384,19.60930633544922,25,S5b,precise_6a_final60,4.852936941385269,0.015383315272629261,apple,left
0.10542595386505127,,0.10542595386505127,0.18874886631965637,18.1413631439209,25,S5b,precise_6a_final60,4.852936941385269,0.011404122225940228,apple,right
0.04623910412192345,0.04623910412192345,,0.1226581558585167,19.546873092651367,26,S5b,precise_6a_final60,4.852936941385269,0.014800474047660828,apple,left
0.062309630215168,,0.062309630215168,0.1305847018957138,21.36614990234375,26,S5b,precise_6a_final60,4.852936941385269,0.008501670323312283,apple,right
0.044009629637002945,0.044009629637002945,,0.12655779719352722,19.185888290405273,27,S5b,precise_6a_final60,4.852936941385269,0.015385279431939125,apple,left
0.05642108991742134,,0.05642108991742134,0.11838515102863312,19.380563735961914,27,S5b,precise_6a_final60,4.852936941385269,0.019023088738322258,apple,right
0.05305827781558037,0.05305827781558037,,0.1204679012298584,21.977745056152344,28,S5b,precise_6a_final60,4.852936941385269,0.008067109622061253,apple,left
0.09280973672866821,,0.09280973672866821,0.0988982692360878,20.26949691772461,28,S5b,precise_6a_final60,4.852936941385269,0.019410908222198486,apple,right
0.04793061316013336,0.04793061316013336,,0.12582722306251526,21.593856811523438,29,S5b,precise_6a_final60,4.852936941385269,0.008287307806313038,apple,left
0.10368358343839645,,0.10368358343839645,0.09705550968647003,20.082305908203125,29,S5b,precise_6a_final60,4.852936941385269,0.015464839525520802,apple,right
0.07269454747438431,0.07269454747438431,,0.14176791906356812,20.405391693115234,30,S5b,precise_6a_final60,4.852936941385269,0.011648311279714108,apple,left
0.054106224328279495,,0.054106224328279495,0.1436646282672882,20.908191680908203,30,S5b,precise_6a_final60,4.852936941385269,0.008228788152337074,apple,right
0.04495443031191826,0.04495443031191826,,0.10130547732114792,20.68366050720215,31,S5b,precise_6a_final60,4.852936941385269,0.01904899813234806,apple,left
0.06809037923812866,,0.06809037923812866,0.10280505567789078,20.249439239501953,31,S5b,precise_6a_final60,4.852936941385269,0.01577259600162506,apple,right
0.04753996431827545,0.04753996431827545,,0.10771427303552628,20.28589630126953,32,S5b,precise_6a_final60,4.852936941385269,0.019331878051161766,apple,left
0.07354537397623062,,0.07354537397623062,0.14029507339000702,20.077421188354492,32,S5b,precise_6a_final60,4.852936941385269,0.011337771080434322,apple,right
0.06300045549869537,0.06300045549869537,,0.14916729927062988,20.318973541259766,33,S5b,precise_6a_final60,4.852936941385269,0.008321942761540413,apple,left
0.05687938258051872,,0.05687938258051872,0.13940873742103577,20.168521881103516,33,S5b,precise_6a_final60,4.852936941385269,0.011821828782558441,apple,right
0.07252810150384903,0.07252810150384903,,0.15480004251003265,19.72166633605957,34,S5b,precise_6a_final60,4.852936941385269,0.008311898447573185,apple,left
0.05311956629157066,,0.05311956629157066,0.14581124484539032,19.51137351989746,34,S5b,precise_6a_final60,4.852936941385269,0.012870254926383495,apple,right
0.05135234445333481,0.05135234445333481,,0.1310281902551651,18.935890197753906,35,S5b,precise_6a_final60,4.852936941385269,0.01889883354306221,apple,left
0.06152791902422905,,0.06152791902422905,0.14321087300777435,20.219348907470703,35,S5b,precise_6a_final60,4.852936941385269,0.01186766941100359,apple,right
0.05155118182301521,0.05155118182301521,,0.14159546792507172,18.018266677856445,36,S5b,precise_6a_final60,4.852936941385269,0.01836923323571682,apple,left
0.09817276895046234,,0.09817276895046234,0.16887226700782776,19.08450698852539,36,S5b,precise_6a_final60,4.852936941385269,0.007916931994259357,apple,right
0.051498837769031525,0.051498837769031525,,0.14528225362300873,17.673412322998047,37,S5b,precise_6a_final60,4.852936941385269,0.019076967611908913,apple,left
0.1055338978767395,,0.1055338978767395,0.14865069091320038,17.519851684570312,37,S5b,precise_6a_final60,4.852936941385269,0.015525822527706623,apple,right
0.05138344317674637,0.05138344317674637,,0.14882074296474457,17.530277252197266,38,S5b,precise_6a_final60,4.852936941385269,0.01901622675359249,apple,left
0.049304183572530746,,0.049304183572530746,0.14434996247291565,19.46434783935547,38,S5b,precise_6a_final60,4.852936941385269,0.013133998028934002,apple,right
0.052800778299570084,0.052800778299570084,,0.14669376611709595,17.46796989440918,39,S5b,precise_6a_final60,4.852936941385269,0.018592745065689087,apple,left
0.12993058562278748,,0.12993058562278748,0.178289532661438,18.593852996826172,39,S5b,precise_6a_final60,4.852936941385269,0.009051627479493618,apple,right
0.04813080653548241,0.04813080653548241,,0.14593654870986938,17.171716690063477,40,S5b,precise_6a_final60,4.852936941385269,0.017067303881049156,apple,left
0.10186587274074554,,0.10186587274074554,0.17068861424922943,18.693687438964844,40,S5b,precise_6a_final60,4.852936941385269,0.00931583158671856,apple,right
0.0889824777841568,0.0889824777841568,,0.15671908855438232,19.983802795410156,41,S5b,precise_6a_final60,4.852936941385269,0.009448806755244732,apple,left
0.1006498634815216,,0.1006498634815216,0.13280345499515533,19.082162857055664,41,S5b,precise_6a_final60,4.852936941385269,0.020263327285647392,apple,right
0.04392675310373306,0.04392675310373306,,0.12694144248962402,19.55315399169922,42,S5b,precise_6a_final60,4.852936941385269,0.01636931672692299,apple,left
0.11354966461658478,,0.11354966461658478,0.18960344791412354,18.663877487182617,42,S5b,precise_6a_final60,4.852936941385269,0.008295830339193344,apple,right
0.04594931751489639,0.04594931751489639,,0.1146433874964714,20.442977905273438,43,S5b,precise_6a_final60,4.852936941385269,0.017479142174124718,apple,left
0.05469661206007004,,0.05469661206007004,0.12262995541095734,19.77985382080078,43,S5b,precise_6a_final60,4.852936941385269,0.019714539870619774,apple,right
0.04856361821293831,0.04856361821293831,,0.10484055429697037,21.983806610107422,44,S5b,precise_6a_final60,4.852936941385269,0.01700817607343197,apple,left
0.040782272815704346,,0.040782272815704346,0.10370826721191406,20.943870544433594,44,S5b,precise_6a_final60,4.852936941385269,0.01268039084970951,apple,right
0.0733625590801239,0.0733625590801239,,0.16491320729255676,17.90938949584961,45,S5b,precise_6a_final60,4.852936941385269,0.01705353707075119,apple,left
0.14562611281871796,,0.14562611281871796,0.17669622600078583,19.006229400634766,45,S5b,precise_6a_final60,4.852936941385269,0.008495855145156384,apple,right
0.06366199254989624,0.06366199254989624,,0.15015804767608643,17.81391143798828,46,S5b,precise_6a_final60,4.852936941385269,0.009448685683310032,apple,left
0.042724549770355225,,0.042724549770355225,0.10228574275970459,21.23154640197754,46,S5b,precise_6a_final60,4.852936941385269,0.012741816230118275,apple,right
0.13334393501281738,0.13334393501281738,,0.1487756222486496,19.999305725097656,47,S5b,precise_6a_final60,4.852936941385269,0.013240891508758068,apple,left
0.13272355496883392,,0.13272355496883392,0.18243364989757538,19.04505157470703,47,S5b,precise_6a_final60,4.852936941385269,0.009281027130782604,apple,right
0.059835635125637054,0.059835635125637054,,0.11408080160617828,19.744884490966797,48,S5b,precise_6a_final60,4.852936941385269,0.010464384220540524,apple,left
0.1346457451581955,,0.1346457451581955,0.16875088214874268,19.60068130493164,48,S5b,precise_6a_final60,4.852936941385269,0.009942452423274517,apple,right
0.307425856590271,0.307425856590271,,0.2204807847738266,16.552257537841797,49,S5b,precise_6a_final60,4.852936941385269,0.010135235264897346,apple,left
0.055952128022909164,,0.055952128022909164,0.11873405426740646,22.472843170166016,49,S5b,precise_6a_final60,4.852936941385269,0.00980540830641985,apple,right
0.04746342822909355,0.04746342822909355,,0.12470664829015732,22.183300018310547,50,S5b,precise_6a_final60,4.852936941385269,0.009792334400117397,apple,left
0.08028120547533035,,0.08028120547533035,0.14240053296089172,20.5303955078125,50,S5b,precise_6a_final60,4.852936941385269,0.00980264600366354,apple,right
0.3354773223400116,0.3354773223400116,,0.224477156996727,16.53619384765625,51,S5b,precise_6a_final60,4.852936941385269,0.010194449685513973,apple,left
0.05667776241898537,,0.05667776241898537,0.14389227330684662,20.479345321655273,51,S5b,precise_6a_final60,4.852936941385269,0.00980264600366354,apple,right
0.059662822633981705,0.059662822633981705,,0.10565485805273056,22.306774139404297,52,S5b,precise_6a_final60,4.852936941385269,0.011270137503743172,apple,left
0.07782945036888123,,0.07782945036888123,0.14745332300662994,20.258243560791016,52,S5b,precise_6a_final60,4.852936941385269,0.009801275096833706,apple,right
0.05719377100467682,0.05719377100467682,,0.14631226658821106,19.915369033813477,53,S5b,precise_6a_final60,4.852936941385269,0.010495886206626892,apple,left
0.05490892380475998,,0.05490892380475998,0.1443219929933548,20.81442642211914,53,S5b,precise_6a_final60,4.852936941385269,0.009920986369252205,apple,right
0.04853886365890503,0.04853886365890503,,0.12919406592845917,21.76671600341797,54,S5b,precise_6a_final60,4.852936941385269,0.00993727333843708,apple,left
0.07022011280059814,,0.07022011280059814,0.1026943102478981,22.12726593017578,54,S5b,precise_6a_final60,4.852936941385269,0.011902819387614727,apple,right
0.058691076934337616,0.058691076934337616,,0.10720968246459961,21.19826316833496,55,S5b,precise_6a_final60,4.852936941385269,0.012571953237056732,apple,left
0.05958762764930725,,0.05958762764930725,0.1334926337003708,22.035202026367188,55,S5b,precise_6a_final60,4.852936941385269,0.010168253444135189,apple,right
0.3036747872829437,0.3036747872829437,,0.2154962569475174,17.03225326538086,56,S5b,precise_6a_final60,4.852936941385269,0.009269562549889088,apple,left
0.05968530476093292,,0.05968530476093292,0.13294051587581635,21.991844177246094,56,S5b,precise_6a_final60,4.852936941385269,0.010521246120333672,apple,right
0.27586352825164795,0.27586352825164795,,0.24258637428283691,16.94603729248047,57,S5b,precise_6a_final60,4.852936941385269,0.010419647209346294,apple,left
0.12010263651609421,,0.12010263651609421,0.10742247104644775,21.42276382446289,57,S5b,precise_6a_final60,4.852936941385269,0.012106853537261486,apple,right
0.04503718391060829,0.04503718391060829,,0.12129008024930954,22.47463607788086,58,S5b,precise_6a_final60,4.852936941385269,0.010030216537415981,apple,left
0.06973699480295181,,0.06973699480295181,0.14766056835651398,20.02193260192871,58,S5b,precise_6a_final60,4.852936941385269,0.011331562884151936,apple,right
0.04488728567957878,0.04488728567957878,,0.14789004623889923,20.35837173461914,59,S5b,precise_6a_final60,4.852936941385269,0.010898234322667122,apple,left
0.05383087322115898,,0.05383087322115898,0.12657158076763153,22.108959197998047,59,S5b,precise_6a_final60,4.852936941385269,0.010159782133996487,apple,right
0.06218268349766731,0.06218268349766731,,0.14244303107261658,20.603118896484375,0,H3b,precise_6a_final60,4.421527502934138,0.010066044516861439,apple,left
0.10022047907114029,,0.10022047907114029,0.1497698277235031,18.484193801879883,0,H3b,precise_6a_final60,4.421527502934138,0.01752057857811451,apple,right
0.11699611693620682,0.11699611693620682,,0.1848297417163849,19.354736328125,1,H3b,precise_6a_final60,4.421527502934138,0.009746859781444073,apple,left
0.04219049587845802,,0.04219049587845802,0.12851081788539886,22.382160186767578,1,H3b,precise_6a_final60,4.421527502934138,0.007720158901065588,apple,right
0.14030595123767853,0.14030595123767853,,0.1981571912765503,19.289752960205078,2,H3b,precise_6a_final60,4.421527502934138,0.009389717131853104,apple,left
0.04743855446577072,,0.04743855446577072,0.12963426113128662,20.25628089904785,2,H3b,precise_6a_final60,4.421527502934138,0.013000160455703735,apple,right
0.05797859653830528,0.05797859653830528,,0.16137905418872833,19.969440460205078,3,H3b,precise_6a_final60,4.421527502934138,0.011853300034999847,apple,left
0.08474121987819672,,0.08474121987819672,0.17339959740638733,22.24770736694336,3,H3b,precise_6a_final60,4.421527502934138,0.008286391384899616,apple,right
0.06438366323709488,0.06438366323709488,,0.11528705805540085,20.18850326538086,4,H3b,precise_6a_final60,4.421527502934138,0.013388395309448242,apple,left
0.07677148282527924,,0.07677148282527924,0.14224515855312347,21.401329040527344,4,H3b,precise_6a_final60,4.421527502934138,0.01044724602252245,apple,right
0.0495603084564209,0.0495603084564209,,0.12085218727588654,23.003454208374023,5,H3b,precise_6a_final60,4.421527502934138,0.009352928027510643,apple,left
0.05366256833076477,,0.05366256833076477,0.10725054889917374,24.59161949157715,5,H3b,precise_6a_final60,4.421527502934138,0.010203923098742962,apple,right
0.07700859755277634,0.07700859755277634,,0.15525180101394653,20.185108184814453,6,H3b,precise_6a_final60,4.421527502934138,0.007040600758045912,apple,left
0.06225727126002312,,0.06225727126002312,0.11557330936193466,19.7581844329834,6,H3b,precise_6a_final60,4.421527502934138,0.013745972886681557,apple,right
0.05723193660378456,0.05723193660378456,,0.12560974061489105,20.543745040893555,7,H3b,precise_6a_final60,4.421527502934138,0.008509586565196514,apple,left
0.047133468091487885,,0.047133468091487885,0.13015614449977875,21.105850219726562,7,H3b,precise_6a_final60,4.421527502934138,0.015649763867259026,apple,right
0.059651125222444534,0.059651125222444534,,0.16596642136573792,21.69488525390625,8,H3b,precise_6a_final60,4.421527502934138,0.007599168922752142,apple,left
0.044326964765787125,,0.044326964765787125,0.12475957721471786,20.30394744873047,8,H3b,precise_6a_final60,4.421527502934138,0.009706318378448486,apple,right
0.049007315188646317,0.049007315188646317,,0.1474367082118988,19.454896926879883,9,H3b,precise_6a_final60,4.421527502934138,0.014684376306831837,apple,left
0.054303620010614395,,0.054303620010614395,0.11529578268527985,21.854904174804688,9,H3b,precise_6a_final60,4.421527502934138,0.009257961995899677,apple,right
0.042931169271469116,0.042931169271469116,,0.10519343614578247,22.896495819091797,10,H3b,precise_6a_final60,4.421527502934138,0.013945326209068298,apple,left
0.05676062032580376,,0.05676062032580376,0.09855200350284576,22.76685333251953,10,H3b,precise_6a_final60,4.421527502934138,0.017601406201720238,apple,right
0.09465893357992172,0.09465893357992172,,0.1766590178012848,21.422561645507812,11,H3b,precise_6a_final60,4.421527502934138,0.008591833524405956,apple,left
0.10070089250802994,,0.10070089250802994,0.24573062360286713,19.100032806396484,11,H3b,precise_6a_final60,4.421527502934138,0.008359757252037525,apple,right
0.03495051711797714,0.03495051711797714,,0.10211525112390518,22.566455841064453,12,H3b,precise_6a_final60,4.421527502934138,0.017594730481505394,apple,left
0.04005222022533417,,0.04005222022533417,0.12042249739170074,22.818103790283203,12,H3b,precise_6a_final60,4.421527502934138,0.007907896302640438,apple,right
0.03890230506658554,0.03890230506658554,,0.09812821447849274,22.87462615966797,13,H3b,precise_6a_final60,4.421527502934138,0.01755201816558838,apple,left
0.04010166972875595,,0.04010166972875595,0.0968037098646164,23.72474479675293,13,H3b,precise_6a_final60,4.421527502934138,0.013842116110026836,apple,right
0.06038501858711243,0.06038501858711243,,0.13007105886936188,21.06804656982422,14,H3b,precise_6a_final60,4.421527502934138,0.007936777547001839,apple,left
0.08129101991653442,,0.08129101991653442,0.09855200350284576,22.76685333251953,14,H3b,precise_6a_final60,4.421527502934138,0.017601406201720238,apple,right
0.04628229886293411,0.04628229886293411,,0.103640615940094,22.40673828125,15,H3b,precise_6a_final60,4.421527502934138,0.017631830647587776,apple,left
0.053924813866615295,,0.053924813866615295,0.13536350429058075,21.09987449645996,15,H3b,precise_6a_final60,4.421527502934138,0.007893497124314308,apple,right
0.048618339002132416,0.048618339002132416,,0.1001296266913414,22.195310592651367,16,H3b,precise_6a_final60,4.421527502934138,0.017512613907456398,apple,left
0.0527004636824131,,0.0527004636824131,0.18822374939918518,19.990848541259766,16,H3b,precise_6a_final60,4.421527502934138,0.00946602039039135,apple,right
0.052683159708976746,0.052683159708976746,,0.09997271746397018,21.993408203125,17,H3b,precise_6a_final60,4.421527502934138,0.01752948760986328,apple,left
0.05775017663836479,,0.05775017663836479,0.19638024270534515,20.299341201782227,17,H3b,precise_6a_final60,4.421527502934138,0.008494413457810879,apple,right
0.04714624956250191,0.04714624956250191,,0.10763473808765411,22.52229881286621,18,H3b,precise_6a_final60,4.421527502934138,0.013846051879227161,apple,left
0.05352860316634178,,0.05352860316634178,0.09591298550367355,22.256874084472656,18,H3b,precise_6a_final60,4.421527502934138,0.017546959221363068,apple,right
0.052123796194791794,0.052123796194791794,,0.11295223236083984,21.797607421875,19,H3b,precise_6a_final60,4.421527502934138,0.013675138354301453,apple,left
0.06752339005470276,,0.06752339005470276,0.20021378993988037,19.911067962646484,19,H3b,precise_6a_final60,4.421527502934138,0.008926366455852985,apple,right
0.09656333923339844,0.09656333923339844,,0.17793074250221252,20.008541107177734,20,H3b,precise_6a_final60,4.421527502934138,0.009636878035962582,apple,left
0.033503104001283646,,0.033503104001283646,0.14163634181022644,21.757184982299805,20,H3b,precise_6a_final60,4.421527502934138,0.007491373922675848,apple,right
0.0952383503317833,0.0952383503317833,,0.1787301003932953,19.95016098022461,21,H3b,precise_6a_final60,4.421527502934138,0.009754671715199947,apple,left
0.03638497740030289,,0.03638497740030289,0.1172218844294548,22.78547477722168,21,H3b,precise_6a_final60,4.421527502934138,0.007846899330615997,apple,right
0.054885126650333405,0.054885126650333405,,0.10404088348150253,21.321022033691406,22,H3b,precise_6a_final60,4.421527502934138,0.017947591841220856,apple,left
0.048126768320798874,,0.048126768320798874,0.12852148711681366,22.69953727722168,22,H3b,precise_6a_final60,4.421527502934138,0.007818279787898064,apple,right
0.0586254708468914,0.0586254708468914,,0.1056080088019371,21.269330978393555,23,H3b,precise_6a_final60,4.421527502934138,0.01785467378795147,apple,left
0.05121520534157753,,0.05121520534157753,0.12304162979125977,21.24110984802246,23,H3b,precise_6a_final60,4.421527502934138,0.013597783632576466,apple,right
0.05596223846077919,0.05596223846077919,,0.1363855004310608,21.46419334411621,24,H3b,precise_6a_final60,4.421527502934138,0.007835648022592068,apple,left
0.08084029704332352,,0.08084029704332352,0.19003045558929443,19.471595764160156,24,H3b,precise_6a_final60,4.421527502934138,0.009374652989208698,apple,right
0.046969372779130936,0.046969372779130936,,0.11216584593057632,20.517269134521484,25,H3b,precise_6a_final60,4.421527502934138,0.014195782132446766,apple,left
0.07350780814886093,,0.07350780814886093,0.19495061039924622,19.25539779663086,25,H3b,precise_6a_final60,4.421527502934138,0.009315979667007923,apple,right
0.05141010880470276,0.05141010880470276,,0.11877230554819107,20.265422821044922,26,H3b,precise_6a_final60,4.421527502934138,0.01394601445645094,apple,left
0.04594092816114426,,0.04594092816114426,0.11987470835447311,22.5355224609375,26,H3b,precise_6a_final60,4.421527502934138,0.007899804972112179,apple,right
0.06653039902448654,0.06653039902448654,,0.12081394344568253,20.366641998291016,27,H3b,precise_6a_final60,4.421527502934138,0.014145984314382076,apple,left
0.05460038036108017,,0.05460038036108017,0.11585330218076706,20.281139373779297,27,H3b,precise_6a_final60,4.421527502934138,0.017846154049038887,apple,right
0.061353303492069244,0.061353303492069244,,0.12117628008127213,22.442224502563477,28,H3b,precise_6a_final60,4.421527502934138,0.0074690282344818115,apple,left
0.06489674001932144,,0.06489674001932144,0.08936863392591476,21.462791442871094,28,H3b,precise_6a_final60,4.421527502934138,0.01803366094827652,apple,right
0.055129680782556534,0.055129680782556534,,0.13218297064304352,21.917020797729492,29,H3b,precise_6a_final60,4.421527502934138,0.007629718165844679,apple,left
0.05891886726021767,,0.05891886726021767,0.09457658976316452,20.79241180419922,29,H3b,precise_6a_final60,4.421527502934138,0.014178860001266003,apple,right
0.07014575600624084,0.07014575600624084,,0.14448189735412598,21.354658126831055,30,H3b,precise_6a_final60,4.421527502934138,0.009866700507700443,apple,left
0.03915564343333244,,0.03915564343333244,0.13529565930366516,21.750823974609375,30,H3b,precise_6a_final60,4.421527502934138,0.007764845620840788,apple,right
0.04887358844280243,0.04887358844280243,,0.09964990615844727,20.949817657470703,31,H3b,precise_6a_final60,4.421527502934138,0.018098482862114906,apple,left
0.048736318945884705,,0.048736318945884705,0.09672333300113678,21.03449821472168,31,H3b,precise_6a_final60,4.421527502934138,0.014491294510662556,apple,right
0.05342785641551018,0.05342785641551018,,0.10522852092981339,20.707571029663086,32,H3b,precise_6a_final60,4.421527502934138,0.01783672906458378,apple,left
0.04561047628521919,,0.04561047628521919,0.14073465764522552,21.13292694091797,32,H3b,precise_6a_final60,4.421527502934138,0.009401422925293446,apple,right
0.05455053225159645,0.05455053225159645,,0.1505424827337265,20.58915901184082,33,H3b,precise_6a_final60,4.421527502934138,0.007177142892032862,apple,left
0.059215519577264786,,0.059215519577264786,0.14630985260009766,21.576797485351562,33,H3b,precise_6a_final60,4.421527502934138,0.009207375347614288,apple,right
0.07700859755277634,0.07700859755277634,,0.15632088482379913,20.155895233154297,34,H3b,precise_6a_final60,4.421527502934138,0.007111503276973963,apple,left
0.055179230868816376,,0.055179230868816376,0.14803962409496307,20.754619598388672,34,H3b,precise_6a_final60,4.421527502934138,0.009300438687205315,apple,right
0.07848971337080002,0.07848971337080002,,0.13650444149971008,19.541847229003906,35,H3b,precise_6a_final60,4.421527502934138,0.017015980556607246,apple,left
0.046163108199834824,,0.046163108199834824,0.144108384847641,21.74699592590332,35,H3b,precise_6a_final60,4.421527502934138,0.00908653438091278,apple,right
0.08788209408521652,0.08788209408521652,,0.13768434524536133,18.531288146972656,36,H3b,precise_6a_final60,4.421527502934138,0.017613578587770462,apple,left
0.07335484772920609,,0.07335484772920609,0.1827591210603714,19.521446228027344,36,H3b,precise_6a_final60,4.421527502934138,0.006975269410759211,apple,right
0.09413155913352966,0.09413155913352966,,0.1441895067691803,18.11089324951172,37,H3b,precise_6a_final60,4.421527502934138,0.017809156328439713,apple,left
0.0956851914525032,,0.0956851914525032,0.14341139793395996,17.918601989746094,37,H3b,precise_6a_final60,4.421527502934138,0.013786408118903637,apple,right
0.09397853165864944,0.09397853165864944,,0.1464902013540268,17.984148025512695,38,H3b,precise_6a_final60,4.421527502934138,0.017791587859392166,apple,left
0.04157131910324097,,0.04157131910324097,0.14626705646514893,20.16962242126465,38,H3b,precise_6a_final60,4.421527502934138,0.009613754227757454,apple,right
0.10242677479982376,0.10242677479982376,,0.13684506714344025,18.620712280273438,39,H3b,precise_6a_final60,4.421527502934138,0.017041007056832314,apple,left
0.08265708386898041,,0.08265708386898041,0.18247540295124054,19.52902603149414,39,H3b,precise_6a_final60,4.421527502934138,0.006959769409149885,apple,right
0.08586116880178452,0.08586116880178452,,0.14475955069065094,18.262548446655273,40,H3b,precise_6a_final60,4.421527502934138,0.014462974853813648,apple,left
0.07000287622213364,,0.07000287622213364,0.19209125638008118,19.806928634643555,40,H3b,precise_6a_final60,4.421527502934138,0.008127923123538494,apple,right
0.09834692627191544,0.09834692627191544,,0.18174035847187042,21.010740280151367,41,H3b,precise_6a_final60,4.421527502934138,0.008084043860435486,apple,left
0.06607821583747864,,0.06607821583747864,0.11263411492109299,20.69145393371582,41,H3b,precise_6a_final60,4.421527502934138,0.018090268597006798,apple,right
0.05364305153489113,0.05364305153489113,,0.11682222038507462,21.14079475402832,42,H3b,precise_6a_final60,4.421527502934138,0.014839026145637035,apple,left
0.06282620131969452,,0.06282620131969452,0.19380144774913788,19.744747161865234,42,H3b,precise_6a_final60,4.421527502934138,0.007611304055899382,apple,right
0.0524006262421608,0.0524006262421608,,0.113633893430233,21.806598663330078,43,H3b,precise_6a_final60,4.421527502934138,0.015178603120148182,apple,left
0.050305332988500595,,0.050305332988500595,0.1143738254904747,21.073942184448242,43,H3b,precise_6a_final60,4.421527502934138,0.01713503710925579,apple,right
0.050085607916116714,0.050085607916116714,,0.10489540547132492,22.96682357788086,44,H3b,precise_6a_final60,4.421527502934138,0.01506121177226305,apple,left
0.036956753581762314,,0.036956753581762314,0.10352543741464615,21.97035026550293,44,H3b,precise_6a_final60,4.421527502934138,0.011330517008900642,apple,right
0.08979350328445435,0.08979350328445435,,0.15774798393249512,18.4758358001709,45,H3b,precise_6a_final60,4.421527502934138,0.015371853485703468,apple,left
0.13172796368598938,,0.13172796368598938,0.18695081770420074,20.115985870361328,45,H3b,precise_6a_final60,4.421527502934138,0.006973426789045334,apple,right
0.09117362648248672,0.09117362648248672,,0.14847107231616974,19.08965301513672,46,H3b,precise_6a_final60,4.421527502934138,0.0074021355248987675,apple,left
0.04258923605084419,,0.04258923605084419,0.10282500088214874,22.98912239074707,46,H3b,precise_6a_final60,4.421527502934138,0.011106118559837341,apple,right
0.08665603399276733,0.08665603399276733,,0.15038573741912842,21.225067138671875,47,H3b,precise_6a_final60,4.421527502934138,0.010143744759261608,apple,left
0.14118000864982605,,0.14118000864982605,0.19077745079994202,20.251209259033203,47,H3b,precise_6a_final60,4.421527502934138,0.007979649119079113,apple,right
0.05070275813341141,0.05070275813341141,,0.10614748299121857,22.038782119750977,48,H3b,precise_6a_final60,4.421527502934138,0.009980766102671623,apple,left
0.06163059547543526,,0.06163059547543526,0.17067505419254303,21.362295150756836,48,H3b,precise_6a_final60,4.421527502934138,0.0074366191402077675,apple,right
0.28645429015159607,0.28645429015159607,,0.23830412328243256,17.239601135253906,49,H3b,precise_6a_final60,4.421527502934138,0.008953317068517208,apple,left
0.03716700151562691,,0.03716700151562691,0.12015970051288605,23.384235382080078,49,H3b,precise_6a_final60,4.421527502934138,0.00989900715649128,apple,right
0.0495603084564209,0.0495603084564209,,0.12422015517950058,23.000431060791016,50,H3b,precise_6a_final60,4.421527502934138,0.009357786737382412,apple,left
0.05381963774561882,,0.05381963774561882,0.14610393345355988,21.7824649810791,50,H3b,precise_6a_final60,4.421527502934138,0.008568226359784603,apple,right
0.3079126179218292,0.3079126179218292,,0.24253986775875092,17.224973678588867,51,H3b,precise_6a_final60,4.421527502934138,0.009106985293328762,apple,left
0.03632604703307152,,0.03632604703307152,0.14911030232906342,21.45003318786621,51,H3b,precise_6a_final60,4.421527502934138,0.008568226359784603,apple,right
0.05703820660710335,0.05703820660710335,,0.11257272958755493,22.63200569152832,52,H3b,precise_6a_final60,4.421527502934138,0.010350191965699196,apple,left
0.06366337090730667,,0.06366337090730667,0.15199312567710876,21.10191535949707,52,H3b,precise_6a_final60,4.421527502934138,0.00859028846025467,apple,right
0.06584571301937103,0.06584571301937103,,0.15054066479206085,21.32469940185547,53,H3b,precise_6a_final60,4.421527502934138,0.008564162999391556,apple,left
0.04384797066450119,,0.04384797066450119,0.136200949549675,21.61554718017578,53,H3b,precise_6a_final60,4.421527502934138,0.009837448596954346,apple,right
0.042967092245817184,0.042967092245817184,,0.13383744657039642,22.467954635620117,54,H3b,precise_6a_final60,4.421527502934138,0.009060102514922619,apple,left
0.054961834102869034,,0.054961834102869034,0.11323638260364532,22.862939834594727,54,H3b,precise_6a_final60,4.421527502934138,0.010494859889149666,apple,right
0.05272272974252701,0.05272272974252701,,0.10692205280065536,22.228925704956055,55,H3b,precise_6a_final60,4.421527502934138,0.011051979847252369,apple,left
0.04989153891801834,,0.04989153891801834,0.12755948305130005,22.853347778320312,55,H3b,precise_6a_final60,4.421527502934138,0.009795444086194038,apple,right
0.20546568930149078,0.20546568930149078,,0.2506802976131439,18.710128784179688,56,H3b,precise_6a_final60,4.421527502934138,0.007485102862119675,apple,left
0.051538046449422836,,0.051538046449422836,0.1291128396987915,22.82988739013672,56,H3b,precise_6a_final60,4.421527502934138,0.009767389856278896,apple,right
0.22766053676605225,0.22766053676605225,,0.25725898146629333,18.34247398376465,57,H3b,precise_6a_final60,4.421527502934138,0.007384724915027618,apple,left
0.09288005530834198,,0.09288005530834198,0.11070036888122559,22.2550048828125,57,H3b,precise_6a_final60,4.421527502934138,0.010636985301971436,apple,right
0.047519367188215256,0.047519367188215256,,0.11938967555761337,23.236083984375,58,H3b,precise_6a_final60,4.421527502934138,0.009421585127711296,apple,left
0.047136422246694565,,0.047136422246694565,0.14047129452228546,21.431161880493164,58,H3b,precise_6a_final60,4.421527502934138,0.00959595013409853,apple,right
0.05066043138504028,0.05066043138504028,,0.1462053507566452,21.449493408203125,59,H3b,precise_6a_final60,4.421527502934138,0.009092606604099274,apple,left
0.03819695860147476,,0.03819695860147476,0.12177195399999619,23.133407592773438,59,H3b,precise_6a_final60,4.421527502934138,0.009208492003381252,apple,right
0.06198693811893463,0.06198693811893463,,0.13668425381183624,20.597265243530273,0,H4b,precise_6a_final60,4.646249659856161,0.01038565393537283,apple,left
0.08732829988002777,,0.08732829988002777,0.14703617990016937,18.092273712158203,0,H4b,precise_6a_final60,4.646249659856161,0.018333831802010536,apple,right
0.11736898869276047,0.11736898869276047,,0.17910006642341614,19.16590690612793,1,H4b,precise_6a_final60,4.646249659856161,0.010061078704893589,apple,left
0.03256237879395485,,0.03256237879395485,0.12627235054969788,21.6517276763916,1,H4b,precise_6a_final60,4.646249659856161,0.007844324223697186,apple,right
0.13788318634033203,0.13788318634033203,,0.18120281398296356,19.086353302001953,2,H4b,precise_6a_final60,4.646249659856161,0.010300661437213421,apple,left
0.0365939699113369,,0.0365939699113369,0.1288103610277176,20.650205612182617,2,H4b,precise_6a_final60,4.646249659856161,0.01339713390916586,apple,right
0.06037837639451027,0.06037837639451027,,0.14924533665180206,19.123924255371094,3,H4b,precise_6a_final60,4.646249659856161,0.012697698548436165,apple,left
0.07602323591709137,,0.07602323591709137,0.1561913788318634,22.200279235839844,3,H4b,precise_6a_final60,4.646249659856161,0.007911360822618008,apple,right
0.06204458698630333,0.06204458698630333,,0.11142566055059433,19.9394588470459,4,H4b,precise_6a_final60,4.646249659856161,0.013853410258889198,apple,left
0.0798671618103981,,0.0798671618103981,0.13843411207199097,21.332603454589844,4,H4b,precise_6a_final60,4.646249659856161,0.01078333891928196,apple,right
0.04628926143050194,0.04628926143050194,,0.12158262729644775,22.936946868896484,5,H4b,precise_6a_final60,4.646249659856161,0.009183456189930439,apple,left
0.05718175694346428,,0.05718175694346428,0.10939040035009384,24.3306884765625,5,H4b,precise_6a_final60,4.646249659856161,0.01012853067368269,apple,right
0.07221261411905289,0.07221261411905289,,0.15141351521015167,20.233592987060547,6,H4b,precise_6a_final60,4.646249659856161,0.007484876550734043,apple,left
0.08426365256309509,,0.08426365256309509,0.1138535887002945,19.63584327697754,6,H4b,precise_6a_final60,4.646249659856161,0.014205165207386017,apple,right
0.057436536997556686,0.057436536997556686,,0.12634332478046417,20.374542236328125,7,H4b,precise_6a_final60,4.646249659856161,0.008163060061633587,apple,left
0.04550505056977272,,0.04550505056977272,0.1291528195142746,20.96273422241211,7,H4b,precise_6a_final60,4.646249659856161,0.015969732776284218,apple,right
0.062404606491327286,0.062404606491327286,,0.15502002835273743,21.4150390625,8,H4b,precise_6a_final60,4.646249659856161,0.008040268905460835,apple,left
0.04437572881579399,,0.04437572881579399,0.11853679269552231,19.837228775024414,8,H4b,precise_6a_final60,4.646249659856161,0.01026030071079731,apple,right
0.048953160643577576,0.048953160643577576,,0.14411723613739014,19.118648529052734,9,H4b,precise_6a_final60,4.646249659856161,0.014982009306550026,apple,left
0.05547025054693222,,0.05547025054693222,0.11459100246429443,21.50069236755371,9,H4b,precise_6a_final60,4.646249659856161,0.009034099988639355,apple,right
0.03909069672226906,0.03909069672226906,,0.09627362340688705,22.559429168701172,10,H4b,precise_6a_final60,4.646249659856161,0.014050140045583248,apple,left
0.050454843789339066,,0.050454843789339066,0.09715493768453598,22.70404815673828,10,H4b,precise_6a_final60,4.646249659856161,0.017801916226744652,apple,right
0.09081750363111496,0.09081750363111496,,0.16481523215770721,20.624658584594727,11,H4b,precise_6a_final60,4.646249659856161,0.00893163401633501,apple,left
0.10614291578531265,,0.10614291578531265,0.22502315044403076,19.061786651611328,11,H4b,precise_6a_final60,4.646249659856161,0.008931516669690609,apple,right
0.030145946890115738,0.030145946890115738,,0.09823065996170044,22.345409393310547,12,H4b,precise_6a_final60,4.646249659856161,0.018030265346169472,apple,left
0.03316202759742737,,0.03316202759742737,0.11430861055850983,22.542362213134766,12,H4b,precise_6a_final60,4.646249659856161,0.007771726232022047,apple,right
0.03464445844292641,0.03464445844292641,,0.0945955440402031,22.610370635986328,13,H4b,precise_6a_final60,4.646249659856161,0.017923811450600624,apple,left
0.03920602425932884,,0.03920602425932884,0.0871226117014885,23.518070220947266,13,H4b,precise_6a_final60,4.646249659856161,0.014342947863042355,apple,right
0.056055840104818344,0.056055840104818344,,0.12634100019931793,20.984737396240234,14,H4b,precise_6a_final60,4.646249659856161,0.008194691501557827,apple,left
0.07103382050991058,,0.07103382050991058,0.09715493768453598,22.70404815673828,14,H4b,precise_6a_final60,4.646249659856161,0.017801916226744652,apple,right
0.0425264798104763,0.0425264798104763,,0.09870202839374542,22.476713180541992,15,H4b,precise_6a_final60,4.646249659856161,0.01800224557518959,apple,left
0.046886857599020004,,0.046886857599020004,0.12849390506744385,21.035511016845703,15,H4b,precise_6a_final60,4.646249659856161,0.00777790043503046,apple,right
0.0460079088807106,0.0460079088807106,,0.09740147739648819,22.1924991607666,16,H4b,precise_6a_final60,4.646249659856161,0.017980150878429413,apple,left
0.05132265388965607,,0.05132265388965607,0.16439369320869446,20.029998779296875,16,H4b,precise_6a_final60,4.646249659856161,0.009983183816075325,apple,right
0.04723630100488663,0.04723630100488663,,0.1013670340180397,21.791818618774414,17,H4b,precise_6a_final60,4.646249659856161,0.017930809408426285,apple,left
0.05718732625246048,,0.05718732625246048,0.18085137009620667,19.803253173828125,17,H4b,precise_6a_final60,4.646249659856161,0.009190130978822708,apple,right
0.04771219193935394,0.04771219193935394,,0.10267539322376251,21.564777374267578,18,H4b,precise_6a_final60,4.646249659856161,0.014122569933533669,apple,left
0.04510693624615669,,0.04510693624615669,0.09410496801137924,22.137269973754883,18,H4b,precise_6a_final60,4.646249659856161,0.01763324812054634,apple,right
0.052561406046152115,0.052561406046152115,,0.10649468749761581,21.093608856201172,19,H4b,precise_6a_final60,4.646249659856161,0.013931331224739552,apple,left
0.06492587178945541,,0.06492587178945541,0.179931640625,19.79843521118164,19,H4b,precise_6a_final60,4.646249659856161,0.009525108151137829,apple,right
0.1067296490073204,0.1067296490073204,,0.16661392152309418,19.51740074157715,20,H4b,precise_6a_final60,4.646249659856161,0.01043240912258625,apple,left
0.023364683613181114,,0.023364683613181114,0.13401496410369873,20.967561721801758,20,H4b,precise_6a_final60,4.646249659856161,0.007721401751041412,apple,right
0.08796502649784088,0.08796502649784088,,0.16490046679973602,19.721885681152344,21,H4b,precise_6a_final60,4.646249659856161,0.010444034822285175,apple,left
0.02607286162674427,,0.02607286162674427,0.11341454088687897,22.17253875732422,21,H4b,precise_6a_final60,4.646249659856161,0.007852778770029545,apple,right
0.05321109667420387,0.05321109667420387,,0.1005944237112999,21.22800636291504,22,H4b,precise_6a_final60,4.646249659856161,0.01826273463666439,apple,left
0.04088020324707031,,0.04088020324707031,0.12474780529737473,22.187435150146484,22,H4b,precise_6a_final60,4.646249659856161,0.007786861155182123,apple,right
0.05663081631064415,0.05663081631064415,,0.10705464333295822,21.325355529785156,23,H4b,precise_6a_final60,4.646249659856161,0.018028123304247856,apple,left
0.0543903149664402,,0.0543903149664402,0.10901637375354767,21.172792434692383,23,H4b,precise_6a_final60,4.646249659856161,0.01414944976568222,apple,right
0.05491230636835098,0.05491230636835098,,0.13572216033935547,21.250282287597656,24,H4b,precise_6a_final60,4.646249659856161,0.008163665421307087,apple,left
0.0698503702878952,,0.0698503702878952,0.176656112074852,19.05356216430664,24,H4b,precise_6a_final60,4.646249659856161,0.010046378709375858,apple,right
0.04539382457733154,0.04539382457733154,,0.11243218183517456,20.343093872070312,25,H4b,precise_6a_final60,4.646249659856161,0.014432352967560291,apple,left
0.06892344355583191,,0.06892344355583191,0.1867367923259735,18.968036651611328,25,H4b,precise_6a_final60,4.646249659856161,0.009683365002274513,apple,right
0.04950130730867386,0.04950130730867386,,0.11638998985290527,19.97949981689453,26,H4b,precise_6a_final60,4.646249659856161,0.01426753681153059,apple,left
0.03745637834072113,,0.03745637834072113,0.11471934616565704,22.7431640625,26,H4b,precise_6a_final60,4.646249659856161,0.007924744859337807,apple,right
0.06600133329629898,0.06600133329629898,,0.11606855690479279,20.21512222290039,27,H4b,precise_6a_final60,4.646249659856161,0.01432415284216404,apple,left
0.04730117321014404,,0.04730117321014404,0.11137843132019043,20.0556583404541,27,H4b,precise_6a_final60,4.646249659856161,0.01817425899207592,apple,right
0.06146056205034256,0.06146056205034256,,0.11726462841033936,22.291547775268555,28,H4b,precise_6a_final60,4.646249659856161,0.00768081983551383,apple,left
0.05695747584104538,,0.05695747584104538,0.08737742155790329,21.168249130249023,28,H4b,precise_6a_final60,4.646249659856161,0.018109573051333427,apple,right
0.049806565046310425,0.049806565046310425,,0.1264815777540207,21.81934356689453,29,H4b,precise_6a_final60,4.646249659856161,0.007831920869648457,apple,left
0.05446352809667587,,0.05446352809667587,0.0950324684381485,20.696260452270508,29,H4b,precise_6a_final60,4.646249659856161,0.014530986547470093,apple,right
0.06744087487459183,0.06744087487459183,,0.13799993693828583,21.169631958007812,30,H4b,precise_6a_final60,4.646249659856161,0.010116386227309704,apple,left
0.02889610268175602,,0.02889610268175602,0.13361389935016632,21.63678741455078,30,H4b,precise_6a_final60,4.646249659856161,0.007531815208494663,apple,right
0.04780604690313339,0.04780604690313339,,0.09617990255355835,21.051942825317383,31,H4b,precise_6a_final60,4.646249659856161,0.018248556181788445,apple,left
0.05133109912276268,,0.05133109912276268,0.09628167003393173,20.862667083740234,31,H4b,precise_6a_final60,4.646249659856161,0.014705577865242958,apple,right
0.05287059769034386,0.05287059769034386,,0.10498576611280441,20.558578491210938,32,H4b,precise_6a_final60,4.646249659856161,0.01807798258960247,apple,left
0.03908632695674896,,0.03908632695674896,0.13061846792697906,21.12858772277832,32,H4b,precise_6a_final60,4.646249659856161,0.00981123000383377,apple,right
0.06745781749486923,0.06745781749486923,,0.14982019364833832,20.502901077270508,33,H4b,precise_6a_final60,4.646249659856161,0.007525332272052765,apple,left
0.04611897096037865,,0.04611897096037865,0.13566386699676514,21.06316566467285,33,H4b,precise_6a_final60,4.646249659856161,0.00976532232016325,apple,right
0.07221261411905289,0.07221261411905289,,0.1536375880241394,20.16529083251953,34,H4b,precise_6a_final60,4.646249659856161,0.007467438466846943,apple,left
0.043381668627262115,,0.043381668627262115,0.14285455644130707,20.363624572753906,34,H4b,precise_6a_final60,4.646249659856161,0.010022333823144436,apple,right
0.07181166112422943,0.07181166112422943,,0.1284046471118927,19.177000045776367,35,H4b,precise_6a_final60,4.646249659856161,0.017647555097937584,apple,left
0.04056259244680405,,0.04056259244680405,0.13745366036891937,21.101455688476562,35,H4b,precise_6a_final60,4.646249659856161,0.010126919485628605,apple,right
0.08131778240203857,0.08131778240203857,,0.13385464251041412,18.418352127075195,36,H4b,precise_6a_final60,4.646249659856161,0.017795110121369362,apple,left
0.06077874079346657,,0.06077874079346657,0.17390047013759613,19.529987335205078,36,H4b,precise_6a_final60,4.646249659856161,0.007271075155586004,apple,right
0.0914478674530983,0.0914478674530983,,0.13964241743087769,18.036006927490234,37,H4b,precise_6a_final60,4.646249659856161,0.018113572150468826,apple,left
0.0900503396987915,,0.0900503396987915,0.14246685802936554,17.7559871673584,37,H4b,precise_6a_final60,4.646249659856161,0.014348933473229408,apple,right
0.09193714708089828,0.09193714708089828,,0.1429489105939865,17.91283416748047,38,H4b,precise_6a_final60,4.646249659856161,0.017859572544693947,apple,left
0.03902814909815788,,0.03902814909815788,0.14283514022827148,20.048933029174805,38,H4b,precise_6a_final60,4.646249659856161,0.009928079321980476,apple,right
0.10200239717960358,0.10200239717960358,,0.1339293122291565,18.270177841186523,39,H4b,precise_6a_final60,4.646249659856161,0.017220212146639824,apple,left
0.06462404131889343,,0.06462404131889343,0.17829541862010956,19.418405532836914,39,H4b,precise_6a_final60,4.646249659856161,0.007222529500722885,apple,right
0.08239707350730896,0.08239707350730896,,0.1392231434583664,17.886098861694336,40,H4b,precise_6a_final60,4.646249659856161,0.014877094887197018,apple,left
0.05731222778558731,,0.05731222778558731,0.18295815587043762,19.276641845703125,40,H4b,precise_6a_final60,4.646249659856161,0.008655397221446037,apple,right
0.1165921539068222,0.1165921539068222,,0.16005368530750275,20.588523864746094,41,H4b,precise_6a_final60,4.646249659856161,0.007947810925543308,apple,left
0.06086532771587372,,0.06086532771587372,0.11053507775068283,20.539257049560547,41,H4b,precise_6a_final60,4.646249659856161,0.017928380519151688,apple,right
0.0530640073120594,0.0530640073120594,,0.11744127422571182,20.826061248779297,42,H4b,precise_6a_final60,4.646249659856161,0.015109946019947529,apple,left
0.05151430144906044,,0.05151430144906044,0.18841378390789032,19.221132278442383,42,H4b,precise_6a_final60,4.646249659856161,0.007470168173313141,apple,right
0.05455857887864113,0.05455857887864113,,0.10723171383142471,21.666526794433594,43,H4b,precise_6a_final60,4.646249659856161,0.015431815758347511,apple,left
0.04096803069114685,,0.04096803069114685,0.10872252285480499,20.893917083740234,43,H4b,precise_6a_final60,4.646249659856161,0.017429551109671593,apple,right
0.04842521995306015,0.04842521995306015,,0.09695785492658615,22.90484619140625,44,H4b,precise_6a_final60,4.646249659856161,0.015458340756595135,apple,left
0.03497175872325897,,0.03497175872325897,0.09951569885015488,21.66487693786621,44,H4b,precise_6a_final60,4.646249659856161,0.011708489619195461,apple,right
0.09515762329101562,0.09515762329101562,,0.1517617553472519,18.310821533203125,45,H4b,precise_6a_final60,4.646249659856161,0.015627900138497353,apple,left
0.1274435967206955,,0.1274435967206955,0.1738090068101883,19.683855056762695,45,H4b,precise_6a_final60,4.646249659856161,0.007262469734996557,apple,right
0.0909338966012001,0.0909338966012001,,0.13585823774337769,18.91306495666504,46,H4b,precise_6a_final60,4.646249659856161,0.007872270420193672,apple,left
0.039132483303546906,,0.039132483303546906,0.0937599465250969,22.71683692932129,46,H4b,precise_6a_final60,4.646249659856161,0.011633501388132572,apple,right
0.08693495392799377,0.08693495392799377,,0.14476798474788666,21.23098373413086,47,H4b,precise_6a_final60,4.646249659856161,0.010391194373369217,apple,left
0.13227888941764832,,0.13227888941764832,0.18005028367042542,19.891075134277344,47,H4b,precise_6a_final60,4.646249659856161,0.00741929654031992,apple,right
0.04689362272620201,0.04689362272620201,,0.10765238106250763,21.42786407470703,48,H4b,precise_6a_final60,4.646249659856161,0.010182353667914867,apple,left
0.05818016082048416,,0.05818016082048416,0.15736179053783417,21.041763305664062,48,H4b,precise_6a_final60,4.646249659856161,0.007646837737411261,apple,right
0.2868192791938782,0.2868192791938782,,0.2304309904575348,17.005626678466797,49,H4b,precise_6a_final60,4.646249659856161,0.009133833460509777,apple,left
0.03663812205195427,,0.03663812205195427,0.10898952931165695,23.640634536743164,49,H4b,precise_6a_final60,4.646249659856161,0.009158181957900524,apple,right
0.04628926143050194,0.04628926143050194,,0.12265179306268692,22.787364959716797,50,H4b,precise_6a_final60,4.646249659856161,0.009327246807515621,apple,left
0.053490277379751205,,0.053490277379751205,0.1367257684469223,21.5959529876709,50,H4b,precise_6a_final60,4.646249659856161,0.008867752738296986,apple,right
0.3057797849178314,0.3057797849178314,,0.23852887749671936,17.253253936767578,51,H4b,precise_6a_final60,4.646249659856161,0.00917170662432909,apple,left
0.029412096366286278,,0.029412096366286278,0.13812752068042755,21.33648109436035,51,H4b,precise_6a_final60,4.646249659856161,0.008867752738296986,apple,right
0.05359306558966637,0.05359306558966637,,0.10388404130935669,22.324596405029297,52,H4b,precise_6a_final60,4.646249659856161,0.01069901417940855,apple,left
0.057016268372535706,,0.057016268372535706,0.14062832295894623,20.99585723876953,52,H4b,precise_6a_final60,4.646249659856161,0.008877321146428585,apple,right
0.06396958231925964,0.06396958231925964,,0.13642416894435883,20.786771774291992,53,H4b,precise_6a_final60,4.646249659856161,0.009198336862027645,apple,left
0.04496844485402107,,0.04496844485402107,0.1308828741312027,21.55487060546875,53,H4b,precise_6a_final60,4.646249659856161,0.009118638932704926,apple,right
0.0394611582159996,0.0394611582159996,,0.121859610080719,22.8585147857666,54,H4b,precise_6a_final60,4.646249659856161,0.008879666216671467,apple,left
0.0608595535159111,,0.0608595535159111,0.10344715416431427,22.750892639160156,54,H4b,precise_6a_final60,4.646249659856161,0.010679947212338448,apple,right
0.04974108189344406,0.04974108189344406,,0.10187514126300812,22.003021240234375,55,H4b,precise_6a_final60,4.646249659856161,0.01137880701571703,apple,left
0.044433917850255966,,0.044433917850255966,0.11834676563739777,22.92221450805664,55,H4b,precise_6a_final60,4.646249659856161,0.008885045535862446,apple,right
0.1954071819782257,0.1954071819782257,,0.22228112816810608,18.571121215820312,56,H4b,precise_6a_final60,4.646249659856161,0.007500022184103727,apple,left
0.04144575819373131,,0.04144575819373131,0.12118196487426758,22.839126586914062,56,H4b,precise_6a_final60,4.646249659856161,0.009209587238729,apple,right
0.25470227003097534,0.25470227003097534,,0.23755453526973724,17.903749465942383,57,H4b,precise_6a_final60,4.646249659856161,0.007750375661998987,apple,left
0.08572947233915329,,0.08572947233915329,0.1028805524110794,22.009681701660156,57,H4b,precise_6a_final60,4.646249659856161,0.011069543659687042,apple,right
0.043696772307157516,0.043696772307157516,,0.11320097744464874,23.337570190429688,58,H4b,precise_6a_final60,4.646249659856161,0.008966987021267414,apple,left
0.047460686415433884,,0.047460686415433884,0.13730230927467346,21.065961837768555,58,H4b,precise_6a_final60,4.646249659856161,0.009884952567517757,apple,right
0.05483405664563179,0.05483405664563179,,0.1369170993566513,20.91916275024414,59,H4b,precise_6a_final60,4.646249659856161,0.00958087295293808,apple,left
0.040995776653289795,,0.040995776653289795,0.1171608492732048,22.987075805664062,59,H4b,precise_6a_final60,4.646249659856161,0.00882588792592287,apple,right
